Group,Time,Feature,SHAP_Value,BaseValue
Group 508,9,Initial_Weight,-0.05540412664413452,-0.12660813331604004
Group 508,9,BET,4.103039085865021,-0.12660813331604004
Group 508,9,Time,-0.07694876194000244,-0.12660813331604004
Group 508,9,RH,0.6218820214271545,-0.12660813331604004
Group 508,9,MACCS_0,0.0,-0.12660813331604004
Group 508,9,MACCS_1,0.0,-0.12660813331604004
Group 508,9,MACCS_2,0.0,-0.12660813331604004
Group 508,9,MACCS_3,0.25463053584098816,-0.12660813331604004
Group 508,9,MACCS_4,0.0,-0.12660813331604004
Group 508,9,MACCS_5,0.0,-0.12660813331604004
Group 508,9,MACCS_6,0.0,-0.12660813331604004
Group 508,9,MACCS_7,0.0,-0.12660813331604004
Group 508,9,MACCS_8,0.5109935402870178,-0.12660813331604004
Group 508,9,MACCS_9,0.052124738693237305,-0.12660813331604004
Group 508,9,MACCS_10,0.06482446193695068,-0.12660813331604004
Group 508,9,MACCS_11,0.15637782216072083,-0.12660813331604004
Group 508,9,MACCS_12,-0.10656869411468506,-0.12660813331604004
Group 508,9,MACCS_13,0.16508430242538452,-0.12660813331604004
Group 508,9,MACCS_14,0.0,-0.12660813331604004
Group 508,9,MACCS_15,-0.2109384536743164,-0.12660813331604004
Group 508,9,MACCS_16,0.07398512959480286,-0.12660813331604004
Group 508,9,MACCS_17,-0.006545662879943848,-0.12660813331604004
Group 508,9,MACCS_18,-0.08562266826629639,-0.12660813331604004
Group 508,9,MACCS_19,0.18445876240730286,-0.12660813331604004
Group 508,9,MACCS_20,0.18168672919273376,-0.12660813331604004
Group 508,9,MACCS_21,-0.01290285587310791,-0.12660813331604004
Group 508,9,MACCS_22,-0.12350624799728394,-0.12660813331604004
Group 508,9,MACCS_23,0.014242380857467651,-0.12660813331604004
Group 508,9,MACCS_24,-0.034097135066986084,-0.12660813331604004
Group 508,9,MACCS_25,0.00673714280128479,-0.12660813331604004
Group 508,9,MACCS_26,0.014947265386581421,-0.12660813331604004
Group 508,9,MACCS_27,-0.05016094446182251,-0.12660813331604004
Group 508,9,MACCS_28,0.10594189167022705,-0.12660813331604004
Group 508,9,MACCS_29,0.03952217102050781,-0.12660813331604004
Group 508,9,MACCS_30,0.0843537449836731,-0.12660813331604004
Group 508,9,MACCS_31,0.06998813152313232,-0.12660813331604004
Group 508,9,MACCS_32,-0.006652116775512695,-0.12660813331604004
Group 508,9,MACCS_33,0.0008087754249572754,-0.12660813331604004
Group 508,9,MACCS_34,0.00087699294090271,-0.12660813331604004
Group 508,9,MACCS_35,0.10458004474639893,-0.12660813331604004
Group 508,9,MACCS_36,-0.028603434562683105,-0.12660813331604004
Group 508,9,MACCS_37,-0.018140077590942383,-0.12660813331604004
Group 508,9,MACCS_38,0.005142331123352051,-0.12660813331604004
Group 508,9,MACCS_39,-0.009749174118041992,-0.12660813331604004
Group 508,9,MACCS_40,0.01075512170791626,-0.12660813331604004
Group 508,9,MACCS_41,0.018269062042236328,-0.12660813331604004
Group 508,9,MACCS_42,0.00968635082244873,-0.12660813331604004
Group 508,9,MACCS_43,-0.018810778856277466,-0.12660813331604004
Group 508,9,MACCS_44,0.013487040996551514,-0.12660813331604004
Group 508,9,MACCS_45,0.033593058586120605,-0.12660813331604004
Group 508,9,MACCS_46,0.06038951873779297,-0.12660813331604004
Group 508,9,MACCS_47,0.11532515287399292,-0.12660813331604004
Group 508,9,MACCS_48,0.027792811393737793,-0.12660813331604004
Group 508,9,MACCS_49,0.028990983963012695,-0.12660813331604004
Group 508,9,MACCS_50,0.019619375467300415,-0.12660813331604004
Group 508,9,MACCS_51,-0.016485393047332764,-0.12660813331604004
Group 508,9,MACCS_52,0.029951512813568115,-0.12660813331604004
Group 508,9,MACCS_53,0.03257232904434204,-0.12660813331604004
Group 508,9,MACCS_54,-0.002306699752807617,-0.12660813331604004
Group 508,9,MACCS_55,-0.003706216812133789,-0.12660813331604004
Group 508,9,MACCS_56,0.053055644035339355,-0.12660813331604004
Group 508,9,MACCS_57,0.025821566581726074,-0.12660813331604004
Group 508,9,MACCS_58,-0.0012908577919006348,-0.12660813331604004
Group 508,9,MACCS_59,0.007700204849243164,-0.12660813331604004
Group 508,9,MACCS_60,-0.0018858015537261963,-0.12660813331604004
Group 508,9,MACCS_61,-0.003671407699584961,-0.12660813331604004
Group 508,9,MACCS_62,-0.010747581720352173,-0.12660813331604004
Group 508,9,MACCS_63,-0.06445556879043579,-0.12660813331604004
Group 508,9,MACCS_64,0.0009780824184417725,-0.12660813331604004
Group 508,9,MACCS_65,0.003763645887374878,-0.12660813331604004
Group 508,9,MACCS_66,0.0006368160247802734,-0.12660813331604004
Group 508,9,MACCS_67,-0.001319795846939087,-0.12660813331604004
Group 508,9,MACCS_68,-0.2570856809616089,-0.12660813331604004
Group 508,9,MACCS_69,0.00603032112121582,-0.12660813331604004
Group 508,9,MACCS_70,0.010081201791763306,-0.12660813331604004
Group 508,9,MACCS_71,-0.01893717050552368,-0.12660813331604004
Group 508,9,MACCS_72,-0.02098900079727173,-0.12660813331604004
Group 508,9,MACCS_73,0.0005763769149780273,-0.12660813331604004
Group 508,9,MACCS_74,0.008603096008300781,-0.12660813331604004
Group 508,9,MACCS_75,0.017537415027618408,-0.12660813331604004
Group 508,9,MACCS_76,0.0660785436630249,-0.12660813331604004
Group 508,9,MACCS_77,0.03012019395828247,-0.12660813331604004
Group 508,9,MACCS_78,-0.014465093612670898,-0.12660813331604004
Group 508,9,MACCS_79,0.020357608795166016,-0.12660813331604004
Group 508,9,MACCS_80,0.02973189949989319,-0.12660813331604004
Group 508,9,MACCS_81,0.003375411033630371,-0.12660813331604004
Group 508,9,MACCS_82,0.0736268162727356,-0.12660813331604004
Group 508,9,MACCS_83,0.05767238140106201,-0.12660813331604004
Group 508,9,MACCS_84,0.016110122203826904,-0.12660813331604004
Group 508,9,MACCS_85,0.04906439781188965,-0.12660813331604004
Group 508,9,MACCS_86,-0.0504184365272522,-0.12660813331604004
Group 508,9,MACCS_87,-0.006098508834838867,-0.12660813331604004
Group 508,9,MACCS_88,-0.036951154470443726,-0.12660813331604004
Group 508,9,MACCS_89,-0.01630556583404541,-0.12660813331604004
Group 508,9,MACCS_90,0.008716762065887451,-0.12660813331604004
Group 508,9,MACCS_91,0.11583518981933594,-0.12660813331604004
Group 508,9,MACCS_92,-0.0028858184814453125,-0.12660813331604004
Group 508,9,MACCS_93,0.05085209012031555,-0.12660813331604004
Group 508,9,MACCS_94,0.0035751163959503174,-0.12660813331604004
Group 508,9,MACCS_95,0.002774357795715332,-0.12660813331604004
Group 508,9,MACCS_96,-0.009573221206665039,-0.12660813331604004
Group 508,9,MACCS_97,0.0004284977912902832,-0.12660813331604004
Group 508,9,MACCS_98,0.018938541412353516,-0.12660813331604004
Group 508,9,MACCS_99,0.03711560368537903,-0.12660813331604004
Group 508,9,MACCS_100,0.013545870780944824,-0.12660813331604004
Group 508,9,MACCS_101,0.007764577865600586,-0.12660813331604004
Group 508,9,MACCS_102,-0.005823791027069092,-0.12660813331604004
Group 508,9,MACCS_103,0.0473669171333313,-0.12660813331604004
Group 508,9,MACCS_104,0.031225085258483887,-0.12660813331604004
Group 508,9,MACCS_105,0.04783147573471069,-0.12660813331604004
Group 508,9,MACCS_106,-0.01452171802520752,-0.12660813331604004
Group 508,9,MACCS_107,0.026038378477096558,-0.12660813331604004
Group 508,9,MACCS_108,0.014340758323669434,-0.12660813331604004
Group 508,9,MACCS_109,0.019726037979125977,-0.12660813331604004
Group 508,9,MACCS_110,0.04509329795837402,-0.12660813331604004
Group 508,9,MACCS_111,0.02854764461517334,-0.12660813331604004
Group 508,9,MACCS_112,-0.026956021785736084,-0.12660813331604004
Group 508,9,MACCS_113,0.010799020528793335,-0.12660813331604004
Group 508,9,MACCS_114,-0.029416948556900024,-0.12660813331604004
Group 508,9,MACCS_115,0.06641331315040588,-0.12660813331604004
Group 508,9,MACCS_116,0.01644730567932129,-0.12660813331604004
Group 508,9,MACCS_117,0.022385358810424805,-0.12660813331604004
Group 508,9,MACCS_118,-0.007820427417755127,-0.12660813331604004
Group 508,9,MACCS_119,-0.0019087791442871094,-0.12660813331604004
Group 508,9,MACCS_120,-0.005877494812011719,-0.12660813331604004
Group 508,9,MACCS_121,3.692507743835449e-05,-0.12660813331604004
Group 508,9,MACCS_122,0.006527602672576904,-0.12660813331604004
Group 508,9,MACCS_123,-0.006980597972869873,-0.12660813331604004
Group 508,9,MACCS_124,0.013720154762268066,-0.12660813331604004
Group 508,9,MACCS_125,0.012529700994491577,-0.12660813331604004
Group 508,9,MACCS_126,0.009821593761444092,-0.12660813331604004
Group 508,9,MACCS_127,0.003922164440155029,-0.12660813331604004
Group 508,9,MACCS_128,0.006707668304443359,-0.12660813331604004
Group 508,9,MACCS_129,0.02123647928237915,-0.12660813331604004
Group 508,9,MACCS_130,0.0007389187812805176,-0.12660813331604004
Group 508,9,MACCS_131,0.012374639511108398,-0.12660813331604004
Group 508,9,MACCS_132,0.06160688400268555,-0.12660813331604004
Group 508,9,MACCS_133,0.012525379657745361,-0.12660813331604004
Group 508,9,MACCS_134,0.009186029434204102,-0.12660813331604004
Group 508,9,MACCS_135,0.01948535442352295,-0.12660813331604004
Group 508,9,MACCS_136,-0.013779103755950928,-0.12660813331604004
Group 508,9,MACCS_137,0.017693638801574707,-0.12660813331604004
Group 508,9,MACCS_138,0.04953545331954956,-0.12660813331604004
Group 508,9,MACCS_139,0.035050809383392334,-0.12660813331604004
Group 508,9,MACCS_140,0.033723026514053345,-0.12660813331604004
Group 508,9,MACCS_141,-0.09061190485954285,-0.12660813331604004
Group 508,9,MACCS_142,0.024895161390304565,-0.12660813331604004
Group 508,9,MACCS_143,0.012235283851623535,-0.12660813331604004
Group 508,9,MACCS_144,0.02685612440109253,-0.12660813331604004
Group 508,9,MACCS_145,0.004805028438568115,-0.12660813331604004
Group 508,9,MACCS_146,-0.0580826997756958,-0.12660813331604004
Group 508,9,MACCS_147,0.012618541717529297,-0.12660813331604004
Group 508,9,MACCS_148,0.010883629322052002,-0.12660813331604004
Group 508,9,MACCS_149,-0.06655216217041016,-0.12660813331604004
Group 508,9,MACCS_150,0.024497687816619873,-0.12660813331604004
Group 508,9,MACCS_151,0.003537774085998535,-0.12660813331604004
Group 508,9,MACCS_152,0.18062567710876465,-0.12660813331604004
Group 508,9,MACCS_153,0.014200329780578613,-0.12660813331604004
Group 508,9,MACCS_154,-0.026366829872131348,-0.12660813331604004
Group 508,9,MACCS_155,0.028274953365325928,-0.12660813331604004
Group 508,9,MACCS_156,0.0016718506813049316,-0.12660813331604004
Group 508,9,MACCS_157,-0.01676294207572937,-0.12660813331604004
Group 508,9,MACCS_158,-0.11276161670684814,-0.12660813331604004
Group 508,9,MACCS_159,0.03818714618682861,-0.12660813331604004
Group 508,9,MACCS_160,-0.013070225715637207,-0.12660813331604004
Group 508,9,MACCS_161,-0.024549514055252075,-0.12660813331604004
Group 508,9,MACCS_162,0.014926820993423462,-0.12660813331604004
Group 508,9,MACCS_163,0.08215749263763428,-0.12660813331604004
Group 508,9,MACCS_164,-0.06403961777687073,-0.12660813331604004
Group 508,9,MACCS_165,0.0193842351436615,-0.12660813331604004
Group 508,9,MACCS_166,0.04875814914703369,-0.12660813331604004
Group 508,9,MaxAbsEStateIndex,-0.07070803642272949,-0.12660813331604004
Group 508,9,MaxEStateIndex,0.1853218674659729,-0.12660813331604004
Group 508,9,MinAbsEStateIndex,0.28526008129119873,-0.12660813331604004
Group 508,9,MinEStateIndex,-0.0009448528289794922,-0.12660813331604004
Group 508,9,qed,0.014435559511184692,-0.12660813331604004
Group 508,9,SPS,-0.00549006462097168,-0.12660813331604004
Group 508,9,MolWt,0.0003078281879425049,-0.12660813331604004
Group 508,9,HeavyAtomMolWt,-0.0013686418533325195,-0.12660813331604004
Group 508,9,ExactMolWt,-0.02005019783973694,-0.12660813331604004
Group 508,9,NumValenceElectrons,0.00621458888053894,-0.12660813331604004
Group 508,9,NumRadicalElectrons,0.03130608797073364,-0.12660813331604004
Group 508,9,MaxPartialCharge,-0.26778656244277954,-0.12660813331604004
Group 508,9,MinPartialCharge,-0.019692063331604004,-0.12660813331604004
Group 508,9,MaxAbsPartialCharge,0.014854252338409424,-0.12660813331604004
Group 508,9,MinAbsPartialCharge,0.01938694715499878,-0.12660813331604004
Group 508,9,FpDensityMorgan1,0.026671946048736572,-0.12660813331604004
Group 508,9,FpDensityMorgan2,0.10918062925338745,-0.12660813331604004
Group 508,9,FpDensityMorgan3,0.006151795387268066,-0.12660813331604004
Group 508,9,BCUT2D_MWHI,0.008234500885009766,-0.12660813331604004
Group 508,9,BCUT2D_MWLOW,0.014604061841964722,-0.12660813331604004
Group 508,9,BCUT2D_CHGHI,-0.12203085422515869,-0.12660813331604004
Group 508,9,BCUT2D_CHGLO,-0.01079493761062622,-0.12660813331604004
Group 508,9,BCUT2D_LOGPHI,0.029330581426620483,-0.12660813331604004
Group 508,9,BCUT2D_LOGPLOW,0.013176172971725464,-0.12660813331604004
Group 508,9,BCUT2D_MRHI,0.022316157817840576,-0.12660813331604004
Group 508,9,BCUT2D_MRLOW,0.011441409587860107,-0.12660813331604004
Group 508,9,AvgIpc,-0.017960071563720703,-0.12660813331604004
Group 508,9,BalabanJ,0.02262401580810547,-0.12660813331604004
Group 508,9,BertzCT,-0.16070497035980225,-0.12660813331604004
Group 508,9,Chi0,0.012413769960403442,-0.12660813331604004
Group 508,9,Chi0n,-0.006724059581756592,-0.12660813331604004
Group 508,9,Chi0v,-0.020374923944473267,-0.12660813331604004
Group 508,9,Chi1,-0.0038874149322509766,-0.12660813331604004
Group 508,9,Chi1n,-0.015789687633514404,-0.12660813331604004
Group 508,9,Chi1v,-0.012248873710632324,-0.12660813331604004
Group 508,9,Chi2n,0.0070438385009765625,-0.12660813331604004
Group 508,9,Chi2v,-0.02916663885116577,-0.12660813331604004
Group 508,9,Chi3n,0.037162959575653076,-0.12660813331604004
Group 508,9,Chi3v,-0.024342119693756104,-0.12660813331604004
Group 508,9,Chi4n,0.15541747212409973,-0.12660813331604004
Group 508,9,Chi4v,0.37393316626548767,-0.12660813331604004
Group 508,9,HallKierAlpha,0.23524343967437744,-0.12660813331604004
Group 508,9,Ipc,-0.032124996185302734,-0.12660813331604004
Group 508,9,Kappa1,-0.02210935950279236,-0.12660813331604004
Group 508,9,Kappa2,-0.010479450225830078,-0.12660813331604004
Group 508,9,Kappa3,0.004670530557632446,-0.12660813331604004
Group 508,9,LabuteASA,-0.01918947696685791,-0.12660813331604004
Group 508,9,PEOE_VSA1,-0.0008615255355834961,-0.12660813331604004
Group 508,9,PEOE_VSA10,0.07880532741546631,-0.12660813331604004
Group 508,9,PEOE_VSA11,0.01618829369544983,-0.12660813331604004
Group 508,9,PEOE_VSA12,0.0032963454723358154,-0.12660813331604004
Group 508,9,PEOE_VSA13,0.000681757926940918,-0.12660813331604004
Group 508,9,PEOE_VSA14,-0.026213139295578003,-0.12660813331604004
Group 508,9,PEOE_VSA2,0.014912664890289307,-0.12660813331604004
Group 508,9,PEOE_VSA3,-0.003659963607788086,-0.12660813331604004
Group 508,9,PEOE_VSA4,-0.008931577205657959,-0.12660813331604004
Group 508,9,PEOE_VSA5,-0.0057141780853271484,-0.12660813331604004
Group 508,9,PEOE_VSA6,0.11879414319992065,-0.12660813331604004
Group 508,9,PEOE_VSA7,0.004480481147766113,-0.12660813331604004
Group 508,9,PEOE_VSA8,0.005810678005218506,-0.12660813331604004
Group 508,9,PEOE_VSA9,-0.000962674617767334,-0.12660813331604004
Group 508,9,SMR_VSA1,0.04144012928009033,-0.12660813331604004
Group 508,9,SMR_VSA10,-0.0180056095123291,-0.12660813331604004
Group 508,9,SMR_VSA2,-0.0018159151077270508,-0.12660813331604004
Group 508,9,SMR_VSA3,-0.020426422357559204,-0.12660813331604004
Group 508,9,SMR_VSA4,0.061324238777160645,-0.12660813331604004
Group 508,9,SMR_VSA5,0.01275724172592163,-0.12660813331604004
Group 508,9,SMR_VSA6,0.00253903865814209,-0.12660813331604004
Group 508,9,SMR_VSA7,-0.021802574396133423,-0.12660813331604004
Group 508,9,SMR_VSA8,0.0,-0.12660813331604004
Group 508,9,SMR_VSA9,-0.0016229748725891113,-0.12660813331604004
Group 508,9,SlogP_VSA1,-0.060826897621154785,-0.12660813331604004
Group 508,9,SlogP_VSA10,-0.007745504379272461,-0.12660813331604004
Group 508,9,SlogP_VSA11,0.0028756260871887207,-0.12660813331604004
Group 508,9,SlogP_VSA12,-0.00384443998336792,-0.12660813331604004
Group 508,9,SlogP_VSA2,0.045928001403808594,-0.12660813331604004
Group 508,9,SlogP_VSA3,0.03446614742279053,-0.12660813331604004
Group 508,9,SlogP_VSA4,0.006279736757278442,-0.12660813331604004
Group 508,9,SlogP_VSA5,0.0254707932472229,-0.12660813331604004
Group 508,9,SlogP_VSA6,-0.0035056471824645996,-0.12660813331604004
Group 508,9,SlogP_VSA7,0.007617324590682983,-0.12660813331604004
Group 508,9,SlogP_VSA8,-2.384185791015625e-05,-0.12660813331604004
Group 508,9,SlogP_VSA9,0.0,-0.12660813331604004
Group 508,9,TPSA,-0.004457235336303711,-0.12660813331604004
Group 508,9,EState_VSA1,0.046328604221343994,-0.12660813331604004
Group 508,9,EState_VSA10,0.002407073974609375,-0.12660813331604004
Group 508,9,EState_VSA11,-0.05400443077087402,-0.12660813331604004
Group 508,9,EState_VSA2,-0.0393604040145874,-0.12660813331604004
Group 508,9,EState_VSA3,-0.0009775757789611816,-0.12660813331604004
Group 508,9,EState_VSA4,-0.004889845848083496,-0.12660813331604004
Group 508,9,EState_VSA5,-0.004719406366348267,-0.12660813331604004
Group 508,9,EState_VSA6,0.08027291297912598,-0.12660813331604004
Group 508,9,EState_VSA7,0.0035570859909057617,-0.12660813331604004
Group 508,9,EState_VSA8,-0.001723945140838623,-0.12660813331604004
Group 508,9,EState_VSA9,0.011933505535125732,-0.12660813331604004
Group 508,9,VSA_EState1,0.00721365213394165,-0.12660813331604004
Group 508,9,VSA_EState10,-0.0030640065670013428,-0.12660813331604004
Group 508,9,VSA_EState2,0.027932196855545044,-0.12660813331604004
Group 508,9,VSA_EState3,0.01243811845779419,-0.12660813331604004
Group 508,9,VSA_EState4,0.008203268051147461,-0.12660813331604004
Group 508,9,VSA_EState5,0.009247541427612305,-0.12660813331604004
Group 508,9,VSA_EState6,0.011481106281280518,-0.12660813331604004
Group 508,9,VSA_EState7,-0.006240814924240112,-0.12660813331604004
Group 508,9,VSA_EState8,0.003609895706176758,-0.12660813331604004
Group 508,9,VSA_EState9,0.0034667253494262695,-0.12660813331604004
Group 508,9,FractionCSP3,0.027808934450149536,-0.12660813331604004
Group 508,9,HeavyAtomCount,-0.010414361953735352,-0.12660813331604004
Group 508,9,NHOHCount,0.00600433349609375,-0.12660813331604004
Group 508,9,NOCount,0.005121827125549316,-0.12660813331604004
Group 508,9,NumAliphaticCarbocycles,0.005533844232559204,-0.12660813331604004
Group 508,9,NumAliphaticHeterocycles,0.005754292011260986,-0.12660813331604004
Group 508,9,NumAliphaticRings,0.027181148529052734,-0.12660813331604004
Group 508,9,NumAromaticCarbocycles,0.02170860767364502,-0.12660813331604004
Group 508,9,NumAromaticHeterocycles,-0.0013452768325805664,-0.12660813331604004
Group 508,9,NumAromaticRings,0.04347580671310425,-0.12660813331604004
Group 508,9,NumHAcceptors,0.007164806127548218,-0.12660813331604004
Group 508,9,NumHDonors,0.004180490970611572,-0.12660813331604004
Group 508,9,NumHeteroatoms,-0.005185037851333618,-0.12660813331604004
Group 508,9,NumRotatableBonds,-0.0026908516883850098,-0.12660813331604004
Group 508,9,NumSaturatedCarbocycles,0.004968881607055664,-0.12660813331604004
Group 508,9,NumSaturatedHeterocycles,0.009207665920257568,-0.12660813331604004
Group 508,9,NumSaturatedRings,0.0017160773277282715,-0.12660813331604004
Group 508,9,RingCount,-0.024403929710388184,-0.12660813331604004
Group 508,9,MolLogP,-0.00817859172821045,-0.12660813331604004
Group 508,9,MolMR,0.003073453903198242,-0.12660813331604004
Group 508,9,fr_Al_COO,-0.013265848159790039,-0.12660813331604004
Group 508,9,fr_Al_OH,0.044247448444366455,-0.12660813331604004
Group 508,9,fr_Al_OH_noTert,0.0114327073097229,-0.12660813331604004
Group 508,9,fr_ArN,-0.02554360032081604,-0.12660813331604004
Group 508,9,fr_Ar_COO,0.017621994018554688,-0.12660813331604004
Group 508,9,fr_Ar_N,-0.0020301342010498047,-0.12660813331604004
Group 508,9,fr_Ar_NH,-0.05238741636276245,-0.12660813331604004
Group 508,9,fr_Ar_OH,0.01083219051361084,-0.12660813331604004
Group 508,9,fr_COO,0.02617466449737549,-0.12660813331604004
Group 508,9,fr_COO2,0.003567308187484741,-0.12660813331604004
Group 508,9,fr_C_O,0.0019745230674743652,-0.12660813331604004
Group 508,9,fr_C_O_noCOO,0.002860426902770996,-0.12660813331604004
Group 508,9,fr_C_S,0.02109488844871521,-0.12660813331604004
Group 508,9,fr_HOCCN,0.024354100227355957,-0.12660813331604004
Group 508,9,fr_Imine,0.0072095394134521484,-0.12660813331604004
Group 508,9,fr_NH0,7.838010787963867e-06,-0.12660813331604004
Group 508,9,fr_NH1,0.006090223789215088,-0.12660813331604004
Group 508,9,fr_NH2,0.02241453528404236,-0.12660813331604004
Group 508,9,fr_N_O,0.2754654884338379,-0.12660813331604004
Group 508,9,fr_Ndealkylation1,-0.03700020909309387,-0.12660813331604004
Group 508,9,fr_Ndealkylation2,0.021217703819274902,-0.12660813331604004
Group 508,9,fr_Nhpyrrole,0.002714872360229492,-0.12660813331604004
Group 508,9,fr_SH,0.19525909423828125,-0.12660813331604004
Group 508,9,fr_aldehyde,0.00011360645294189453,-0.12660813331604004
Group 508,9,fr_alkyl_carbamate,-0.0542050302028656,-0.12660813331604004
Group 508,9,fr_alkyl_halide,0.0008449256420135498,-0.12660813331604004
Group 508,9,fr_allylic_oxid,-0.006547451019287109,-0.12660813331604004
Group 508,9,fr_amide,-0.006760597229003906,-0.12660813331604004
Group 508,9,fr_amidine,-0.019214868545532227,-0.12660813331604004
Group 508,9,fr_aniline,0.003372788429260254,-0.12660813331604004
Group 508,9,fr_aryl_methyl,-0.0010516345500946045,-0.12660813331604004
Group 508,9,fr_azide,0.23555779457092285,-0.12660813331604004
Group 508,9,fr_azo,-0.1917533278465271,-0.12660813331604004
Group 508,9,fr_barbitur,0.0,-0.12660813331604004
Group 508,9,fr_benzene,0.004245162010192871,-0.12660813331604004
Group 508,9,fr_benzodiazepine,0.0,-0.12660813331604004
Group 508,9,fr_bicyclic,0.017316758632659912,-0.12660813331604004
Group 508,9,fr_diazo,0.0,-0.12660813331604004
Group 508,9,fr_dihydropyridine,0.04333782196044922,-0.12660813331604004
Group 508,9,fr_epoxide,0.03672987222671509,-0.12660813331604004
Group 508,9,fr_ester,0.001201033592224121,-0.12660813331604004
Group 508,9,fr_ether,0.023502886295318604,-0.12660813331604004
Group 508,9,fr_furan,0.002375960350036621,-0.12660813331604004
Group 508,9,fr_guanido,-0.0037003755569458008,-0.12660813331604004
Group 508,9,fr_halogen,-0.01061856746673584,-0.12660813331604004
Group 508,9,fr_hdrzine,0.3495636284351349,-0.12660813331604004
Group 508,9,fr_hdrzone,-0.0035594403743743896,-0.12660813331604004
Group 508,9,fr_imidazole,0.005781948566436768,-0.12660813331604004
Group 508,9,fr_imide,-0.010295629501342773,-0.12660813331604004
Group 508,9,fr_isocyan,0.0,-0.12660813331604004
Group 508,9,fr_isothiocyan,0.0,-0.12660813331604004
Group 508,9,fr_ketone,-0.011722922325134277,-0.12660813331604004
Group 508,9,fr_ketone_Topliss,-0.010263979434967041,-0.12660813331604004
Group 508,9,fr_lactam,0.0,-0.12660813331604004
Group 508,9,fr_lactone,-0.07044172286987305,-0.12660813331604004
Group 508,9,fr_methoxy,-0.0002917647361755371,-0.12660813331604004
Group 508,9,fr_morpholine,0.04477250576019287,-0.12660813331604004
Group 508,9,fr_nitrile,0.02268698811531067,-0.12660813331604004
Group 508,9,fr_nitro,-0.004512965679168701,-0.12660813331604004
Group 508,9,fr_nitro_arom,0.08525481820106506,-0.12660813331604004
Group 508,9,fr_nitro_arom_nonortho,0.10264837741851807,-0.12660813331604004
Group 508,9,fr_nitroso,-0.028659701347351074,-0.12660813331604004
Group 508,9,fr_oxazole,0.0,-0.12660813331604004
Group 508,9,fr_oxime,-0.07691365480422974,-0.12660813331604004
Group 508,9,fr_para_hydroxylation,-0.019019365310668945,-0.12660813331604004
Group 508,9,fr_phenol,0.003735452890396118,-0.12660813331604004
Group 508,9,fr_phenol_noOrthoHbond,-1.1920928955078125e-05,-0.12660813331604004
Group 508,9,fr_phos_acid,-0.005887091159820557,-0.12660813331604004
Group 508,9,fr_phos_ester,0.07591593265533447,-0.12660813331604004
Group 508,9,fr_piperdine,0.05115613341331482,-0.12660813331604004
Group 508,9,fr_piperzine,0.001537710428237915,-0.12660813331604004
Group 508,9,fr_priamide,0.07626834511756897,-0.12660813331604004
Group 508,9,fr_prisulfonamd,0.0,-0.12660813331604004
Group 508,9,fr_pyridine,0.08912330865859985,-0.12660813331604004
Group 508,9,fr_quatN,0.10387581586837769,-0.12660813331604004
Group 508,9,fr_sulfide,0.06807786226272583,-0.12660813331604004
Group 508,9,fr_sulfonamd,-0.006462216377258301,-0.12660813331604004
Group 508,9,fr_sulfone,-0.0173758864402771,-0.12660813331604004
Group 508,9,fr_term_acetylene,0.04261982440948486,-0.12660813331604004
Group 508,9,fr_tetrazole,0.06733191013336182,-0.12660813331604004
Group 508,9,fr_thiazole,0.16262805461883545,-0.12660813331604004
Group 508,9,fr_thiocyan,0.0,-0.12660813331604004
Group 508,9,fr_thiophene,0.004741162061691284,-0.12660813331604004
Group 508,9,fr_unbrch_alkane,-0.01733684539794922,-0.12660813331604004
Group 508,9,fr_urea,0.020792603492736816,-0.12660813331604004
Group 414,9,Initial_Weight,0.012862741947174072,-0.12660813331604004
Group 414,9,BET,-0.04885698854923248,-0.12660813331604004
Group 414,9,Time,0.06713885068893433,-0.12660813331604004
Group 414,9,RH,0.6827679872512817,-0.12660813331604004
Group 414,9,MACCS_0,0.0,-0.12660813331604004
Group 414,9,MACCS_1,0.0,-0.12660813331604004
Group 414,9,MACCS_2,0.0,-0.12660813331604004
Group 414,9,MACCS_3,0.15424507856369019,-0.12660813331604004
Group 414,9,MACCS_4,0.0,-0.12660813331604004
Group 414,9,MACCS_5,0.0,-0.12660813331604004
Group 414,9,MACCS_6,0.0,-0.12660813331604004
Group 414,9,MACCS_7,0.0,-0.12660813331604004
Group 414,9,MACCS_8,0.027471303939819336,-0.12660813331604004
Group 414,9,MACCS_9,-0.12560826539993286,-0.12660813331604004
Group 414,9,MACCS_10,0.07245343923568726,-0.12660813331604004
Group 414,9,MACCS_11,0.18483775854110718,-0.12660813331604004
Group 414,9,MACCS_12,0.003132641315460205,-0.12660813331604004
Group 414,9,MACCS_13,0.6026881337165833,-0.12660813331604004
Group 414,9,MACCS_14,0.0,-0.12660813331604004
Group 414,9,MACCS_15,0.01489037275314331,-0.12660813331604004
Group 414,9,MACCS_16,-0.08376729488372803,-0.12660813331604004
Group 414,9,MACCS_17,-0.009111374616622925,-0.12660813331604004
Group 414,9,MACCS_18,0.2987666130065918,-0.12660813331604004
Group 414,9,MACCS_19,0.12549543380737305,-0.12660813331604004
Group 414,9,MACCS_20,0.1153469979763031,-0.12660813331604004
Group 414,9,MACCS_21,0.024283379316329956,-0.12660813331604004
Group 414,9,MACCS_22,0.03148597478866577,-0.12660813331604004
Group 414,9,MACCS_23,0.017766594886779785,-0.12660813331604004
Group 414,9,MACCS_24,-0.00039821863174438477,-0.12660813331604004
Group 414,9,MACCS_25,0.029005825519561768,-0.12660813331604004
Group 414,9,MACCS_26,0.12955361604690552,-0.12660813331604004
Group 414,9,MACCS_27,0.12239593267440796,-0.12660813331604004
Group 414,9,MACCS_28,0.0019855797290802,-0.12660813331604004
Group 414,9,MACCS_29,0.0010113716125488281,-0.12660813331604004
Group 414,9,MACCS_30,-0.052565887570381165,-0.12660813331604004
Group 414,9,MACCS_31,0.06838622689247131,-0.12660813331604004
Group 414,9,MACCS_32,0.02477496862411499,-0.12660813331604004
Group 414,9,MACCS_33,0.0026740431785583496,-0.12660813331604004
Group 414,9,MACCS_34,0.0025276541709899902,-0.12660813331604004
Group 414,9,MACCS_35,0.012592554092407227,-0.12660813331604004
Group 414,9,MACCS_36,-0.040914714336395264,-0.12660813331604004
Group 414,9,MACCS_37,-0.06322216987609863,-0.12660813331604004
Group 414,9,MACCS_38,-0.0022259950637817383,-0.12660813331604004
Group 414,9,MACCS_39,0.0620918869972229,-0.12660813331604004
Group 414,9,MACCS_40,0.02462935447692871,-0.12660813331604004
Group 414,9,MACCS_41,-0.0031440556049346924,-0.12660813331604004
Group 414,9,MACCS_42,-4.985928535461426e-05,-0.12660813331604004
Group 414,9,MACCS_43,0.022919833660125732,-0.12660813331604004
Group 414,9,MACCS_44,0.05857604742050171,-0.12660813331604004
Group 414,9,MACCS_45,-0.015252828598022461,-0.12660813331604004
Group 414,9,MACCS_46,0.09468090534210205,-0.12660813331604004
Group 414,9,MACCS_47,-0.021514296531677246,-0.12660813331604004
Group 414,9,MACCS_48,-0.0007135570049285889,-0.12660813331604004
Group 414,9,MACCS_49,0.20754927396774292,-0.12660813331604004
Group 414,9,MACCS_50,-0.0021586716175079346,-0.12660813331604004
Group 414,9,MACCS_51,0.0014528334140777588,-0.12660813331604004
Group 414,9,MACCS_52,0.019179046154022217,-0.12660813331604004
Group 414,9,MACCS_53,-0.0005457103252410889,-0.12660813331604004
Group 414,9,MACCS_54,-0.0003082156181335449,-0.12660813331604004
Group 414,9,MACCS_55,0.0027373135089874268,-0.12660813331604004
Group 414,9,MACCS_56,0.10661077499389648,-0.12660813331604004
Group 414,9,MACCS_57,0.023226410150527954,-0.12660813331604004
Group 414,9,MACCS_58,0.0202447772026062,-0.12660813331604004
Group 414,9,MACCS_59,0.01441243290901184,-0.12660813331604004
Group 414,9,MACCS_60,0.004754245281219482,-0.12660813331604004
Group 414,9,MACCS_61,0.00358736515045166,-0.12660813331604004
Group 414,9,MACCS_62,0.018620342016220093,-0.12660813331604004
Group 414,9,MACCS_63,-0.004791915416717529,-0.12660813331604004
Group 414,9,MACCS_64,0.005994677543640137,-0.12660813331604004
Group 414,9,MACCS_65,0.03834658861160278,-0.12660813331604004
Group 414,9,MACCS_66,0.031316161155700684,-0.12660813331604004
Group 414,9,MACCS_67,-0.006644785404205322,-0.12660813331604004
Group 414,9,MACCS_68,0.014237627387046814,-0.12660813331604004
Group 414,9,MACCS_69,-0.004866942763328552,-0.12660813331604004
Group 414,9,MACCS_70,0.004213422536849976,-0.12660813331604004
Group 414,9,MACCS_71,-0.0794185996055603,-0.12660813331604004
Group 414,9,MACCS_72,-0.002261519432067871,-0.12660813331604004
Group 414,9,MACCS_73,0.00870513916015625,-0.12660813331604004
Group 414,9,MACCS_74,0.024639427661895752,-0.12660813331604004
Group 414,9,MACCS_75,0.0003434419631958008,-0.12660813331604004
Group 414,9,MACCS_76,0.07035917043685913,-0.12660813331604004
Group 414,9,MACCS_77,-0.03068786859512329,-0.12660813331604004
Group 414,9,MACCS_78,-0.021870702505111694,-0.12660813331604004
Group 414,9,MACCS_79,0.002035796642303467,-0.12660813331604004
Group 414,9,MACCS_80,0.01651662588119507,-0.12660813331604004
Group 414,9,MACCS_81,-0.004709869623184204,-0.12660813331604004
Group 414,9,MACCS_82,-0.006157279014587402,-0.12660813331604004
Group 414,9,MACCS_83,0.08051049709320068,-0.12660813331604004
Group 414,9,MACCS_84,-0.0026956498622894287,-0.12660813331604004
Group 414,9,MACCS_85,0.005432069301605225,-0.12660813331604004
Group 414,9,MACCS_86,0.20707261562347412,-0.12660813331604004
Group 414,9,MACCS_87,-0.02532649040222168,-0.12660813331604004
Group 414,9,MACCS_88,0.003956317901611328,-0.12660813331604004
Group 414,9,MACCS_89,0.013967812061309814,-0.12660813331604004
Group 414,9,MACCS_90,-0.0024948716163635254,-0.12660813331604004
Group 414,9,MACCS_91,0.011543512344360352,-0.12660813331604004
Group 414,9,MACCS_92,0.008220970630645752,-0.12660813331604004
Group 414,9,MACCS_93,0.016559362411499023,-0.12660813331604004
Group 414,9,MACCS_94,-0.009921431541442871,-0.12660813331604004
Group 414,9,MACCS_95,0.024118125438690186,-0.12660813331604004
Group 414,9,MACCS_96,0.08205139636993408,-0.12660813331604004
Group 414,9,MACCS_97,0.0013156235218048096,-0.12660813331604004
Group 414,9,MACCS_98,0.02010369300842285,-0.12660813331604004
Group 414,9,MACCS_99,0.014706134796142578,-0.12660813331604004
Group 414,9,MACCS_100,0.01272958517074585,-0.12660813331604004
Group 414,9,MACCS_101,0.022758126258850098,-0.12660813331604004
Group 414,9,MACCS_102,0.0007605701684951782,-0.12660813331604004
Group 414,9,MACCS_103,0.057848572731018066,-0.12660813331604004
Group 414,9,MACCS_104,-0.001147449016571045,-0.12660813331604004
Group 414,9,MACCS_105,0.0031148791313171387,-0.12660813331604004
Group 414,9,MACCS_106,-0.029489487409591675,-0.12660813331604004
Group 414,9,MACCS_107,-0.0006884336471557617,-0.12660813331604004
Group 414,9,MACCS_108,0.02769404649734497,-0.12660813331604004
Group 414,9,MACCS_109,0.1324864625930786,-0.12660813331604004
Group 414,9,MACCS_110,0.021869778633117676,-0.12660813331604004
Group 414,9,MACCS_111,0.07332897186279297,-0.12660813331604004
Group 414,9,MACCS_112,-0.02871549129486084,-0.12660813331604004
Group 414,9,MACCS_113,-0.013530075550079346,-0.12660813331604004
Group 414,9,MACCS_114,-0.015290230512619019,-0.12660813331604004
Group 414,9,MACCS_115,0.19143915176391602,-0.12660813331604004
Group 414,9,MACCS_116,0.03990867733955383,-0.12660813331604004
Group 414,9,MACCS_117,0.013280153274536133,-0.12660813331604004
Group 414,9,MACCS_118,0.015625953674316406,-0.12660813331604004
Group 414,9,MACCS_119,0.0020648837089538574,-0.12660813331604004
Group 414,9,MACCS_120,0.04299384355545044,-0.12660813331604004
Group 414,9,MACCS_121,0.016091883182525635,-0.12660813331604004
Group 414,9,MACCS_122,0.0012153834104537964,-0.12660813331604004
Group 414,9,MACCS_123,0.03369557857513428,-0.12660813331604004
Group 414,9,MACCS_124,0.01426011323928833,-0.12660813331604004
Group 414,9,MACCS_125,0.004723489284515381,-0.12660813331604004
Group 414,9,MACCS_126,0.004980266094207764,-0.12660813331604004
Group 414,9,MACCS_127,0.016556143760681152,-0.12660813331604004
Group 414,9,MACCS_128,-0.004967749118804932,-0.12660813331604004
Group 414,9,MACCS_129,0.04402506351470947,-0.12660813331604004
Group 414,9,MACCS_130,0.032888829708099365,-0.12660813331604004
Group 414,9,MACCS_131,0.024270951747894287,-0.12660813331604004
Group 414,9,MACCS_132,0.0171394944190979,-0.12660813331604004
Group 414,9,MACCS_133,-0.00661236047744751,-0.12660813331604004
Group 414,9,MACCS_134,0.049439072608947754,-0.12660813331604004
Group 414,9,MACCS_135,0.04303538799285889,-0.12660813331604004
Group 414,9,MACCS_136,0.0003018677234649658,-0.12660813331604004
Group 414,9,MACCS_137,0.036245763301849365,-0.12660813331604004
Group 414,9,MACCS_138,0.040220558643341064,-0.12660813331604004
Group 414,9,MACCS_139,0.02533799409866333,-0.12660813331604004
Group 414,9,MACCS_140,0.07506144046783447,-0.12660813331604004
Group 414,9,MACCS_141,-0.008330464363098145,-0.12660813331604004
Group 414,9,MACCS_142,-0.014032945036888123,-0.12660813331604004
Group 414,9,MACCS_143,0.012542128562927246,-0.12660813331604004
Group 414,9,MACCS_144,0.04761397838592529,-0.12660813331604004
Group 414,9,MACCS_145,-0.02300649881362915,-0.12660813331604004
Group 414,9,MACCS_146,-0.04799586534500122,-0.12660813331604004
Group 414,9,MACCS_147,0.003045499324798584,-0.12660813331604004
Group 414,9,MACCS_148,0.07001262903213501,-0.12660813331604004
Group 414,9,MACCS_149,0.0051902830600738525,-0.12660813331604004
Group 414,9,MACCS_150,0.011404424905776978,-0.12660813331604004
Group 414,9,MACCS_151,-0.0096159428358078,-0.12660813331604004
Group 414,9,MACCS_152,0.0014192461967468262,-0.12660813331604004
Group 414,9,MACCS_153,0.042762696743011475,-0.12660813331604004
Group 414,9,MACCS_154,-0.06853193044662476,-0.12660813331604004
Group 414,9,MACCS_155,0.038163185119628906,-0.12660813331604004
Group 414,9,MACCS_156,0.10495352745056152,-0.12660813331604004
Group 414,9,MACCS_157,0.08588296175003052,-0.12660813331604004
Group 414,9,MACCS_158,0.019327163696289062,-0.12660813331604004
Group 414,9,MACCS_159,0.00015211105346679688,-0.12660813331604004
Group 414,9,MACCS_160,-0.009127229452133179,-0.12660813331604004
Group 414,9,MACCS_161,-0.018968820571899414,-0.12660813331604004
Group 414,9,MACCS_162,0.053651273250579834,-0.12660813331604004
Group 414,9,MACCS_163,0.011045306921005249,-0.12660813331604004
Group 414,9,MACCS_164,0.1557544469833374,-0.12660813331604004
Group 414,9,MACCS_165,0.059728145599365234,-0.12660813331604004
Group 414,9,MACCS_166,-0.005251169204711914,-0.12660813331604004
Group 414,9,MaxAbsEStateIndex,0.04370224475860596,-0.12660813331604004
Group 414,9,MaxEStateIndex,-0.004955768585205078,-0.12660813331604004
Group 414,9,MinAbsEStateIndex,0.3658181428909302,-0.12660813331604004
Group 414,9,MinEStateIndex,0.0015148520469665527,-0.12660813331604004
Group 414,9,qed,0.042390525341033936,-0.12660813331604004
Group 414,9,SPS,0.004658430814743042,-0.12660813331604004
Group 414,9,MolWt,0.026392340660095215,-0.12660813331604004
Group 414,9,HeavyAtomMolWt,0.017264723777770996,-0.12660813331604004
Group 414,9,ExactMolWt,0.030068576335906982,-0.12660813331604004
Group 414,9,NumValenceElectrons,0.010955870151519775,-0.12660813331604004
Group 414,9,NumRadicalElectrons,0.37029290199279785,-0.12660813331604004
Group 414,9,MaxPartialCharge,0.05449432134628296,-0.12660813331604004
Group 414,9,MinPartialCharge,0.0012540817260742188,-0.12660813331604004
Group 414,9,MaxAbsPartialCharge,0.0076070427894592285,-0.12660813331604004
Group 414,9,MinAbsPartialCharge,0.05098748207092285,-0.12660813331604004
Group 414,9,FpDensityMorgan1,0.01619201898574829,-0.12660813331604004
Group 414,9,FpDensityMorgan2,0.17061126232147217,-0.12660813331604004
Group 414,9,FpDensityMorgan3,-3.504753112792969e-05,-0.12660813331604004
Group 414,9,BCUT2D_MWHI,0.004191756248474121,-0.12660813331604004
Group 414,9,BCUT2D_MWLOW,0.01097714900970459,-0.12660813331604004
Group 414,9,BCUT2D_CHGHI,0.6209745407104492,-0.12660813331604004
Group 414,9,BCUT2D_CHGLO,0.024540066719055176,-0.12660813331604004
Group 414,9,BCUT2D_LOGPHI,0.24721232056617737,-0.12660813331604004
Group 414,9,BCUT2D_LOGPLOW,-0.0012158900499343872,-0.12660813331604004
Group 414,9,BCUT2D_MRHI,0.08066558837890625,-0.12660813331604004
Group 414,9,BCUT2D_MRLOW,0.002388507127761841,-0.12660813331604004
Group 414,9,AvgIpc,-0.0022877752780914307,-0.12660813331604004
Group 414,9,BalabanJ,0.1362679898738861,-0.12660813331604004
Group 414,9,BertzCT,0.026972100138664246,-0.12660813331604004
Group 414,9,Chi0,0.05593717098236084,-0.12660813331604004
Group 414,9,Chi0n,0.02700519561767578,-0.12660813331604004
Group 414,9,Chi0v,0.01287570595741272,-0.12660813331604004
Group 414,9,Chi1,0.025123387575149536,-0.12660813331604004
Group 414,9,Chi1n,0.018571794033050537,-0.12660813331604004
Group 414,9,Chi1v,-0.027883172035217285,-0.12660813331604004
Group 414,9,Chi2n,0.014634370803833008,-0.12660813331604004
Group 414,9,Chi2v,0.002401888370513916,-0.12660813331604004
Group 414,9,Chi3n,0.014455676078796387,-0.12660813331604004
Group 414,9,Chi3v,0.049788594245910645,-0.12660813331604004
Group 414,9,Chi4n,0.012216031551361084,-0.12660813331604004
Group 414,9,Chi4v,0.10409998893737793,-0.12660813331604004
Group 414,9,HallKierAlpha,0.001534968614578247,-0.12660813331604004
Group 414,9,Ipc,0.0020098984241485596,-0.12660813331604004
Group 414,9,Kappa1,0.013504624366760254,-0.12660813331604004
Group 414,9,Kappa2,-0.005782425403594971,-0.12660813331604004
Group 414,9,Kappa3,-0.0007128119468688965,-0.12660813331604004
Group 414,9,LabuteASA,0.0515936017036438,-0.12660813331604004
Group 414,9,PEOE_VSA1,-0.0037826895713806152,-0.12660813331604004
Group 414,9,PEOE_VSA10,0.057136327028274536,-0.12660813331604004
Group 414,9,PEOE_VSA11,0.00990074872970581,-0.12660813331604004
Group 414,9,PEOE_VSA12,-0.00010904669761657715,-0.12660813331604004
Group 414,9,PEOE_VSA13,0.005268067121505737,-0.12660813331604004
Group 414,9,PEOE_VSA14,0.033284902572631836,-0.12660813331604004
Group 414,9,PEOE_VSA2,0.0013770461082458496,-0.12660813331604004
Group 414,9,PEOE_VSA3,-0.0023318082094192505,-0.12660813331604004
Group 414,9,PEOE_VSA4,0.006574511528015137,-0.12660813331604004
Group 414,9,PEOE_VSA5,-0.023203909397125244,-0.12660813331604004
Group 414,9,PEOE_VSA6,0.1756705641746521,-0.12660813331604004
Group 414,9,PEOE_VSA7,0.023787260055541992,-0.12660813331604004
Group 414,9,PEOE_VSA8,-0.013643264770507812,-0.12660813331604004
Group 414,9,PEOE_VSA9,0.007723450660705566,-0.12660813331604004
Group 414,9,SMR_VSA1,0.0016601979732513428,-0.12660813331604004
Group 414,9,SMR_VSA10,-0.008573472499847412,-0.12660813331604004
Group 414,9,SMR_VSA2,-0.03551006317138672,-0.12660813331604004
Group 414,9,SMR_VSA3,-0.001849353313446045,-0.12660813331604004
Group 414,9,SMR_VSA4,-0.0038236677646636963,-0.12660813331604004
Group 414,9,SMR_VSA5,-0.02526223659515381,-0.12660813331604004
Group 414,9,SMR_VSA6,0.000983595848083496,-0.12660813331604004
Group 414,9,SMR_VSA7,0.002642810344696045,-0.12660813331604004
Group 414,9,SMR_VSA8,0.0,-0.12660813331604004
Group 414,9,SMR_VSA9,-0.0029707401990890503,-0.12660813331604004
Group 414,9,SlogP_VSA1,0.02213573455810547,-0.12660813331604004
Group 414,9,SlogP_VSA10,0.004819333553314209,-0.12660813331604004
Group 414,9,SlogP_VSA11,-0.0058820247650146484,-0.12660813331604004
Group 414,9,SlogP_VSA12,0.004450380802154541,-0.12660813331604004
Group 414,9,SlogP_VSA2,-0.005629181861877441,-0.12660813331604004
Group 414,9,SlogP_VSA3,0.0008407235145568848,-0.12660813331604004
Group 414,9,SlogP_VSA4,0.006091654300689697,-0.12660813331604004
Group 414,9,SlogP_VSA5,0.017863810062408447,-0.12660813331604004
Group 414,9,SlogP_VSA6,0.0018343925476074219,-0.12660813331604004
Group 414,9,SlogP_VSA7,0.002160400152206421,-0.12660813331604004
Group 414,9,SlogP_VSA8,0.00456315279006958,-0.12660813331604004
Group 414,9,SlogP_VSA9,0.0,-0.12660813331604004
Group 414,9,TPSA,0.009634435176849365,-0.12660813331604004
Group 414,9,EState_VSA1,0.0018814802169799805,-0.12660813331604004
Group 414,9,EState_VSA10,0.009153395891189575,-0.12660813331604004
Group 414,9,EState_VSA11,-0.007769763469696045,-0.12660813331604004
Group 414,9,EState_VSA2,0.0049359798431396484,-0.12660813331604004
Group 414,9,EState_VSA3,0.07554769515991211,-0.12660813331604004
Group 414,9,EState_VSA4,0.029823243618011475,-0.12660813331604004
Group 414,9,EState_VSA5,0.013965427875518799,-0.12660813331604004
Group 414,9,EState_VSA6,0.11109688878059387,-0.12660813331604004
Group 414,9,EState_VSA7,-0.009928211569786072,-0.12660813331604004
Group 414,9,EState_VSA8,-0.003924131393432617,-0.12660813331604004
Group 414,9,EState_VSA9,0.0007364451885223389,-0.12660813331604004
Group 414,9,VSA_EState1,-0.00019472837448120117,-0.12660813331604004
Group 414,9,VSA_EState10,0.0037870705127716064,-0.12660813331604004
Group 414,9,VSA_EState2,0.03320974111557007,-0.12660813331604004
Group 414,9,VSA_EState3,0.015250980854034424,-0.12660813331604004
Group 414,9,VSA_EState4,0.01582515239715576,-0.12660813331604004
Group 414,9,VSA_EState5,0.011384427547454834,-0.12660813331604004
Group 414,9,VSA_EState6,0.006643474102020264,-0.12660813331604004
Group 414,9,VSA_EState7,-0.0014939308166503906,-0.12660813331604004
Group 414,9,VSA_EState8,0.028515949845314026,-0.12660813331604004
Group 414,9,VSA_EState9,0.021960854530334473,-0.12660813331604004
Group 414,9,FractionCSP3,0.017878174781799316,-0.12660813331604004
Group 414,9,HeavyAtomCount,0.002162039279937744,-0.12660813331604004
Group 414,9,NHOHCount,-0.003921687602996826,-0.12660813331604004
Group 414,9,NOCount,-0.0024066567420959473,-0.12660813331604004
Group 414,9,NumAliphaticCarbocycles,-0.00048801302909851074,-0.12660813331604004
Group 414,9,NumAliphaticHeterocycles,0.010868191719055176,-0.12660813331604004
Group 414,9,NumAliphaticRings,0.030089139938354492,-0.12660813331604004
Group 414,9,NumAromaticCarbocycles,0.0022956132888793945,-0.12660813331604004
Group 414,9,NumAromaticHeterocycles,0.00016370415687561035,-0.12660813331604004
Group 414,9,NumAromaticRings,0.022718846797943115,-0.12660813331604004
Group 414,9,NumHAcceptors,0.00964510440826416,-0.12660813331604004
Group 414,9,NumHDonors,0.007095932960510254,-0.12660813331604004
Group 414,9,NumHeteroatoms,-0.0012139081954956055,-0.12660813331604004
Group 414,9,NumRotatableBonds,0.0037418901920318604,-0.12660813331604004
Group 414,9,NumSaturatedCarbocycles,0.008301690220832825,-0.12660813331604004
Group 414,9,NumSaturatedHeterocycles,0.015001475811004639,-0.12660813331604004
Group 414,9,NumSaturatedRings,0.003910064697265625,-0.12660813331604004
Group 414,9,RingCount,-0.016786813735961914,-0.12660813331604004
Group 414,9,MolLogP,0.0028135180473327637,-0.12660813331604004
Group 414,9,MolMR,0.003449380397796631,-0.12660813331604004
Group 414,9,fr_Al_COO,-0.002546936273574829,-0.12660813331604004
Group 414,9,fr_Al_OH,0.014976441860198975,-0.12660813331604004
Group 414,9,fr_Al_OH_noTert,0.009284555912017822,-0.12660813331604004
Group 414,9,fr_ArN,0.019474446773529053,-0.12660813331604004
Group 414,9,fr_Ar_COO,0.0755355954170227,-0.12660813331604004
Group 414,9,fr_Ar_N,-0.0003325343132019043,-0.12660813331604004
Group 414,9,fr_Ar_NH,0.00023549795150756836,-0.12660813331604004
Group 414,9,fr_Ar_OH,-0.0013557076454162598,-0.12660813331604004
Group 414,9,fr_COO,0.0038307905197143555,-0.12660813331604004
Group 414,9,fr_COO2,-0.0024340152740478516,-0.12660813331604004
Group 414,9,fr_C_O,0.0012458562850952148,-0.12660813331604004
Group 414,9,fr_C_O_noCOO,-0.00026556849479675293,-0.12660813331604004
Group 414,9,fr_C_S,0.12040066719055176,-0.12660813331604004
Group 414,9,fr_HOCCN,0.005543321371078491,-0.12660813331604004
Group 414,9,fr_Imine,-0.0013450980186462402,-0.12660813331604004
Group 414,9,fr_NH0,-0.0011534690856933594,-0.12660813331604004
Group 414,9,fr_NH1,0.0024539828300476074,-0.12660813331604004
Group 414,9,fr_NH2,-0.0035942494869232178,-0.12660813331604004
Group 414,9,fr_N_O,0.16918230056762695,-0.12660813331604004
Group 414,9,fr_Ndealkylation1,0.046873509883880615,-0.12660813331604004
Group 414,9,fr_Ndealkylation2,-0.009207665920257568,-0.12660813331604004
Group 414,9,fr_Nhpyrrole,0.00492781400680542,-0.12660813331604004
Group 414,9,fr_SH,0.05975651741027832,-0.12660813331604004
Group 414,9,fr_aldehyde,0.127183198928833,-0.12660813331604004
Group 414,9,fr_alkyl_carbamate,0.0920427143573761,-0.12660813331604004
Group 414,9,fr_alkyl_halide,0.0042005181312561035,-0.12660813331604004
Group 414,9,fr_allylic_oxid,0.002927809953689575,-0.12660813331604004
Group 414,9,fr_amide,0.0026783347129821777,-0.12660813331604004
Group 414,9,fr_amidine,0.00823599100112915,-0.12660813331604004
Group 414,9,fr_aniline,-0.0007138848304748535,-0.12660813331604004
Group 414,9,fr_aryl_methyl,-0.004026561975479126,-0.12660813331604004
Group 414,9,fr_azide,0.1201142966747284,-0.12660813331604004
Group 414,9,fr_azo,-0.06760701537132263,-0.12660813331604004
Group 414,9,fr_barbitur,0.0,-0.12660813331604004
Group 414,9,fr_benzene,0.0009316802024841309,-0.12660813331604004
Group 414,9,fr_benzodiazepine,0.0,-0.12660813331604004
Group 414,9,fr_bicyclic,0.00655364990234375,-0.12660813331604004
Group 414,9,fr_diazo,0.0,-0.12660813331604004
Group 414,9,fr_dihydropyridine,0.19625365734100342,-0.12660813331604004
Group 414,9,fr_epoxide,-0.02555084228515625,-0.12660813331604004
Group 414,9,fr_ester,0.006571650505065918,-0.12660813331604004
Group 414,9,fr_ether,0.002744227647781372,-0.12660813331604004
Group 414,9,fr_furan,-0.1801077127456665,-0.12660813331604004
Group 414,9,fr_guanido,0.009544044733047485,-0.12660813331604004
Group 414,9,fr_halogen,0.008445918560028076,-0.12660813331604004
Group 414,9,fr_hdrzine,0.026826173067092896,-0.12660813331604004
Group 414,9,fr_hdrzone,0.09678608179092407,-0.12660813331604004
Group 414,9,fr_imidazole,0.08168613910675049,-0.12660813331604004
Group 414,9,fr_imide,0.2663941979408264,-0.12660813331604004
Group 414,9,fr_isocyan,0.0,-0.12660813331604004
Group 414,9,fr_isothiocyan,0.0,-0.12660813331604004
Group 414,9,fr_ketone,-0.011383652687072754,-0.12660813331604004
Group 414,9,fr_ketone_Topliss,0.16335010528564453,-0.12660813331604004
Group 414,9,fr_lactam,0.0,-0.12660813331604004
Group 414,9,fr_lactone,-0.018701016902923584,-0.12660813331604004
Group 414,9,fr_methoxy,0.00048416852951049805,-0.12660813331604004
Group 414,9,fr_morpholine,0.22984856367111206,-0.12660813331604004
Group 414,9,fr_nitrile,0.0026382803916931152,-0.12660813331604004
Group 414,9,fr_nitro,0.14397329092025757,-0.12660813331604004
Group 414,9,fr_nitro_arom,0.03722900152206421,-0.12660813331604004
Group 414,9,fr_nitro_arom_nonortho,0.13265246152877808,-0.12660813331604004
Group 414,9,fr_nitroso,0.03496825695037842,-0.12660813331604004
Group 414,9,fr_oxazole,0.0,-0.12660813331604004
Group 414,9,fr_oxime,-0.021472513675689697,-0.12660813331604004
Group 414,9,fr_para_hydroxylation,-0.002562999725341797,-0.12660813331604004
Group 414,9,fr_phenol,0.007597088813781738,-0.12660813331604004
Group 414,9,fr_phenol_noOrthoHbond,-0.004447460174560547,-0.12660813331604004
Group 414,9,fr_phos_acid,-0.002713918685913086,-0.12660813331604004
Group 414,9,fr_phos_ester,0.04035454988479614,-0.12660813331604004
Group 414,9,fr_piperdine,0.03590250015258789,-0.12660813331604004
Group 414,9,fr_piperzine,0.009057492017745972,-0.12660813331604004
Group 414,9,fr_priamide,-0.0014423131942749023,-0.12660813331604004
Group 414,9,fr_prisulfonamd,0.0,-0.12660813331604004
Group 414,9,fr_pyridine,0.0251932293176651,-0.12660813331604004
Group 414,9,fr_quatN,-0.002364218235015869,-0.12660813331604004
Group 414,9,fr_sulfide,0.014590799808502197,-0.12660813331604004
Group 414,9,fr_sulfonamd,-0.011300116777420044,-0.12660813331604004
Group 414,9,fr_sulfone,-0.04092198610305786,-0.12660813331604004
Group 414,9,fr_term_acetylene,-0.008142232894897461,-0.12660813331604004
Group 414,9,fr_tetrazole,0.04393059015274048,-0.12660813331604004
Group 414,9,fr_thiazole,0.402679979801178,-0.12660813331604004
Group 414,9,fr_thiocyan,0.0,-0.12660813331604004
Group 414,9,fr_thiophene,-0.09192761778831482,-0.12660813331604004
Group 414,9,fr_unbrch_alkane,-0.0006367862224578857,-0.12660813331604004
Group 414,9,fr_urea,0.01840713620185852,-0.12660813331604004
Group 78,9,Initial_Weight,0.0427013635635376,-0.12660813331604004
Group 78,9,BET,-0.20480328798294067,-0.12660813331604004
Group 78,9,Time,0.025272637605667114,-0.12660813331604004
Group 78,9,RH,0.32970893383026123,-0.12660813331604004
Group 78,9,MACCS_0,0.0,-0.12660813331604004
Group 78,9,MACCS_1,0.0,-0.12660813331604004
Group 78,9,MACCS_2,0.0,-0.12660813331604004
Group 78,9,MACCS_3,0.08011707663536072,-0.12660813331604004
Group 78,9,MACCS_4,0.0,-0.12660813331604004
Group 78,9,MACCS_5,0.0,-0.12660813331604004
Group 78,9,MACCS_6,0.0,-0.12660813331604004
Group 78,9,MACCS_7,0.0,-0.12660813331604004
Group 78,9,MACCS_8,0.08323213458061218,-0.12660813331604004
Group 78,9,MACCS_9,0.0061483681201934814,-0.12660813331604004
Group 78,9,MACCS_10,-0.008364260196685791,-0.12660813331604004
Group 78,9,MACCS_11,0.1979837417602539,-0.12660813331604004
Group 78,9,MACCS_12,0.1065111756324768,-0.12660813331604004
Group 78,9,MACCS_13,0.09830047190189362,-0.12660813331604004
Group 78,9,MACCS_14,0.0,-0.12660813331604004
Group 78,9,MACCS_15,0.06313571333885193,-0.12660813331604004
Group 78,9,MACCS_16,-0.01910528540611267,-0.12660813331604004
Group 78,9,MACCS_17,-0.00992041826248169,-0.12660813331604004
Group 78,9,MACCS_18,-0.024332016706466675,-0.12660813331604004
Group 78,9,MACCS_19,-0.0012550055980682373,-0.12660813331604004
Group 78,9,MACCS_20,0.12614324688911438,-0.12660813331604004
Group 78,9,MACCS_21,-0.02859017252922058,-0.12660813331604004
Group 78,9,MACCS_22,0.0947924256324768,-0.12660813331604004
Group 78,9,MACCS_23,-0.019468486309051514,-0.12660813331604004
Group 78,9,MACCS_24,-0.004459202289581299,-0.12660813331604004
Group 78,9,MACCS_25,0.011221081018447876,-0.12660813331604004
Group 78,9,MACCS_26,0.03904038667678833,-0.12660813331604004
Group 78,9,MACCS_27,0.0413222461938858,-0.12660813331604004
Group 78,9,MACCS_28,-0.12016642093658447,-0.12660813331604004
Group 78,9,MACCS_29,-0.036056578159332275,-0.12660813331604004
Group 78,9,MACCS_30,-0.10457384586334229,-0.12660813331604004
Group 78,9,MACCS_31,0.01916155219078064,-0.12660813331604004
Group 78,9,MACCS_32,-0.0013330280780792236,-0.12660813331604004
Group 78,9,MACCS_33,-0.0006924271583557129,-0.12660813331604004
Group 78,9,MACCS_34,-0.08666974306106567,-0.12660813331604004
Group 78,9,MACCS_35,0.0359366238117218,-0.12660813331604004
Group 78,9,MACCS_36,0.004436805844306946,-0.12660813331604004
Group 78,9,MACCS_37,-0.07616680860519409,-0.12660813331604004
Group 78,9,MACCS_38,-0.00014278292655944824,-0.12660813331604004
Group 78,9,MACCS_39,0.0010417401790618896,-0.12660813331604004
Group 78,9,MACCS_40,0.053179383277893066,-0.12660813331604004
Group 78,9,MACCS_41,-0.04413783550262451,-0.12660813331604004
Group 78,9,MACCS_42,0.003437221050262451,-0.12660813331604004
Group 78,9,MACCS_43,0.008154541254043579,-0.12660813331604004
Group 78,9,MACCS_44,-0.0077262818813323975,-0.12660813331604004
Group 78,9,MACCS_45,-0.00259360671043396,-0.12660813331604004
Group 78,9,MACCS_46,-0.029692143201828003,-0.12660813331604004
Group 78,9,MACCS_47,-0.03071284294128418,-0.12660813331604004
Group 78,9,MACCS_48,-0.05234813690185547,-0.12660813331604004
Group 78,9,MACCS_49,0.033346712589263916,-0.12660813331604004
Group 78,9,MACCS_50,-0.007718205451965332,-0.12660813331604004
Group 78,9,MACCS_51,0.00545087456703186,-0.12660813331604004
Group 78,9,MACCS_52,-0.00020268559455871582,-0.12660813331604004
Group 78,9,MACCS_53,0.0033510923385620117,-0.12660813331604004
Group 78,9,MACCS_54,-0.0062236487865448,-0.12660813331604004
Group 78,9,MACCS_55,0.020295560359954834,-0.12660813331604004
Group 78,9,MACCS_56,0.0050750672817230225,-0.12660813331604004
Group 78,9,MACCS_57,0.10459738969802856,-0.12660813331604004
Group 78,9,MACCS_58,0.0031239688396453857,-0.12660813331604004
Group 78,9,MACCS_59,0.013725757598876953,-0.12660813331604004
Group 78,9,MACCS_60,-0.00021186470985412598,-0.12660813331604004
Group 78,9,MACCS_61,0.029624104499816895,-0.12660813331604004
Group 78,9,MACCS_62,-0.0049932003021240234,-0.12660813331604004
Group 78,9,MACCS_63,-0.0012696385383605957,-0.12660813331604004
Group 78,9,MACCS_64,0.01293802261352539,-0.12660813331604004
Group 78,9,MACCS_65,0.03316020965576172,-0.12660813331604004
Group 78,9,MACCS_66,-0.03651532530784607,-0.12660813331604004
Group 78,9,MACCS_67,0.0002709329128265381,-0.12660813331604004
Group 78,9,MACCS_68,0.05125463008880615,-0.12660813331604004
Group 78,9,MACCS_69,0.004638075828552246,-0.12660813331604004
Group 78,9,MACCS_70,-0.020554006099700928,-0.12660813331604004
Group 78,9,MACCS_71,-0.004426002502441406,-0.12660813331604004
Group 78,9,MACCS_72,-0.07841438055038452,-0.12660813331604004
Group 78,9,MACCS_73,0.00016838312149047852,-0.12660813331604004
Group 78,9,MACCS_74,0.031125962734222412,-0.12660813331604004
Group 78,9,MACCS_75,-0.001515120267868042,-0.12660813331604004
Group 78,9,MACCS_76,0.013686954975128174,-0.12660813331604004
Group 78,9,MACCS_77,0.008485645055770874,-0.12660813331604004
Group 78,9,MACCS_78,-0.0028684139251708984,-0.12660813331604004
Group 78,9,MACCS_79,0.005126327276229858,-0.12660813331604004
Group 78,9,MACCS_80,-0.02215820550918579,-0.12660813331604004
Group 78,9,MACCS_81,0.003986388444900513,-0.12660813331604004
Group 78,9,MACCS_82,0.012392550706863403,-0.12660813331604004
Group 78,9,MACCS_83,0.07034027576446533,-0.12660813331604004
Group 78,9,MACCS_84,0.0041811466217041016,-0.12660813331604004
Group 78,9,MACCS_85,0.004336178302764893,-0.12660813331604004
Group 78,9,MACCS_86,0.019474327564239502,-0.12660813331604004
Group 78,9,MACCS_87,-0.005044132471084595,-0.12660813331604004
Group 78,9,MACCS_88,0.0034664571285247803,-0.12660813331604004
Group 78,9,MACCS_89,0.008199602365493774,-0.12660813331604004
Group 78,9,MACCS_90,0.007682621479034424,-0.12660813331604004
Group 78,9,MACCS_91,0.025503933429718018,-0.12660813331604004
Group 78,9,MACCS_92,-0.002415597438812256,-0.12660813331604004
Group 78,9,MACCS_93,0.013474047183990479,-0.12660813331604004
Group 78,9,MACCS_94,0.0046701133251190186,-0.12660813331604004
Group 78,9,MACCS_95,0.00029459595680236816,-0.12660813331604004
Group 78,9,MACCS_96,0.023787349462509155,-0.12660813331604004
Group 78,9,MACCS_97,0.019129037857055664,-0.12660813331604004
Group 78,9,MACCS_98,-0.003268986940383911,-0.12660813331604004
Group 78,9,MACCS_99,-0.0022020041942596436,-0.12660813331604004
Group 78,9,MACCS_100,-0.0020460784435272217,-0.12660813331604004
Group 78,9,MACCS_101,-0.015641450881958008,-0.12660813331604004
Group 78,9,MACCS_102,0.0034740567207336426,-0.12660813331604004
Group 78,9,MACCS_103,-0.001147150993347168,-0.12660813331604004
Group 78,9,MACCS_104,0.004599392414093018,-0.12660813331604004
Group 78,9,MACCS_105,0.02043655514717102,-0.12660813331604004
Group 78,9,MACCS_106,0.005484521389007568,-0.12660813331604004
Group 78,9,MACCS_107,0.0030113160610198975,-0.12660813331604004
Group 78,9,MACCS_108,-0.15219712257385254,-0.12660813331604004
Group 78,9,MACCS_109,0.0077457427978515625,-0.12660813331604004
Group 78,9,MACCS_110,-0.0004467964172363281,-0.12660813331604004
Group 78,9,MACCS_111,0.012053132057189941,-0.12660813331604004
Group 78,9,MACCS_112,-0.0724409818649292,-0.12660813331604004
Group 78,9,MACCS_113,-0.004417300224304199,-0.12660813331604004
Group 78,9,MACCS_114,-0.01611688733100891,-0.12660813331604004
Group 78,9,MACCS_115,0.03909870982170105,-0.12660813331604004
Group 78,9,MACCS_116,0.02171429991722107,-0.12660813331604004
Group 78,9,MACCS_117,-0.0035623908042907715,-0.12660813331604004
Group 78,9,MACCS_118,-0.019101500511169434,-0.12660813331604004
Group 78,9,MACCS_119,-0.0016314387321472168,-0.12660813331604004
Group 78,9,MACCS_120,0.025845885276794434,-0.12660813331604004
Group 78,9,MACCS_121,-0.015871047973632812,-0.12660813331604004
Group 78,9,MACCS_122,0.029550373554229736,-0.12660813331604004
Group 78,9,MACCS_123,0.018247514963150024,-0.12660813331604004
Group 78,9,MACCS_124,0.0039130449295043945,-0.12660813331604004
Group 78,9,MACCS_125,-0.032361745834350586,-0.12660813331604004
Group 78,9,MACCS_126,-0.033732473850250244,-0.12660813331604004
Group 78,9,MACCS_127,0.022630766034126282,-0.12660813331604004
Group 78,9,MACCS_128,0.005495399236679077,-0.12660813331604004
Group 78,9,MACCS_129,0.016652360558509827,-0.12660813331604004
Group 78,9,MACCS_130,-0.013062983751296997,-0.12660813331604004
Group 78,9,MACCS_131,-0.0018842071294784546,-0.12660813331604004
Group 78,9,MACCS_132,0.059266090393066406,-0.12660813331604004
Group 78,9,MACCS_133,0.005631774663925171,-0.12660813331604004
Group 78,9,MACCS_134,0.04445523023605347,-0.12660813331604004
Group 78,9,MACCS_135,0.0030101537704467773,-0.12660813331604004
Group 78,9,MACCS_136,-0.005616337060928345,-0.12660813331604004
Group 78,9,MACCS_137,0.0030756890773773193,-0.12660813331604004
Group 78,9,MACCS_138,-0.027310609817504883,-0.12660813331604004
Group 78,9,MACCS_139,-0.034811973571777344,-0.12660813331604004
Group 78,9,MACCS_140,-0.018275439739227295,-0.12660813331604004
Group 78,9,MACCS_141,-0.00871250033378601,-0.12660813331604004
Group 78,9,MACCS_142,0.021289795637130737,-0.12660813331604004
Group 78,9,MACCS_143,0.03606361150741577,-0.12660813331604004
Group 78,9,MACCS_144,0.003037780523300171,-0.12660813331604004
Group 78,9,MACCS_145,-0.01132744550704956,-0.12660813331604004
Group 78,9,MACCS_146,-0.11551189422607422,-0.12660813331604004
Group 78,9,MACCS_147,0.05507767200469971,-0.12660813331604004
Group 78,9,MACCS_148,-0.005755424499511719,-0.12660813331604004
Group 78,9,MACCS_149,0.00881814956665039,-0.12660813331604004
Group 78,9,MACCS_150,-0.031082838773727417,-0.12660813331604004
Group 78,9,MACCS_151,-0.0002868473529815674,-0.12660813331604004
Group 78,9,MACCS_152,-0.04167523980140686,-0.12660813331604004
Group 78,9,MACCS_153,-0.002887904644012451,-0.12660813331604004
Group 78,9,MACCS_154,-0.010328084230422974,-0.12660813331604004
Group 78,9,MACCS_155,0.06021231412887573,-0.12660813331604004
Group 78,9,MACCS_156,0.0029339194297790527,-0.12660813331604004
Group 78,9,MACCS_157,0.004968792200088501,-0.12660813331604004
Group 78,9,MACCS_158,0.017516672611236572,-0.12660813331604004
Group 78,9,MACCS_159,0.0047341883182525635,-0.12660813331604004
Group 78,9,MACCS_160,-0.08937856554985046,-0.12660813331604004
Group 78,9,MACCS_161,-0.011802434921264648,-0.12660813331604004
Group 78,9,MACCS_162,-0.018580377101898193,-0.12660813331604004
Group 78,9,MACCS_163,0.019817322492599487,-0.12660813331604004
Group 78,9,MACCS_164,-0.06820157170295715,-0.12660813331604004
Group 78,9,MACCS_165,0.02826055884361267,-0.12660813331604004
Group 78,9,MACCS_166,-0.106228768825531,-0.12660813331604004
Group 78,9,MaxAbsEStateIndex,0.12282106280326843,-0.12660813331604004
Group 78,9,MaxEStateIndex,0.14523425698280334,-0.12660813331604004
Group 78,9,MinAbsEStateIndex,0.28764036297798157,-0.12660813331604004
Group 78,9,MinEStateIndex,-0.0025528669357299805,-0.12660813331604004
Group 78,9,qed,0.0012270808219909668,-0.12660813331604004
Group 78,9,SPS,0.0006247460842132568,-0.12660813331604004
Group 78,9,MolWt,0.0036095380783081055,-0.12660813331604004
Group 78,9,HeavyAtomMolWt,-0.001629650592803955,-0.12660813331604004
Group 78,9,ExactMolWt,0.004983633756637573,-0.12660813331604004
Group 78,9,NumValenceElectrons,0.012323766946792603,-0.12660813331604004
Group 78,9,NumRadicalElectrons,0.0661550760269165,-0.12660813331604004
Group 78,9,MaxPartialCharge,0.015275180339813232,-0.12660813331604004
Group 78,9,MinPartialCharge,-0.0006527602672576904,-0.12660813331604004
Group 78,9,MaxAbsPartialCharge,0.00015172362327575684,-0.12660813331604004
Group 78,9,MinAbsPartialCharge,0.004690110683441162,-0.12660813331604004
Group 78,9,FpDensityMorgan1,0.0013968050479888916,-0.12660813331604004
Group 78,9,FpDensityMorgan2,0.007688432931900024,-0.12660813331604004
Group 78,9,FpDensityMorgan3,-0.0013096332550048828,-0.12660813331604004
Group 78,9,BCUT2D_MWHI,-0.0032337307929992676,-0.12660813331604004
Group 78,9,BCUT2D_MWLOW,-0.0012709498405456543,-0.12660813331604004
Group 78,9,BCUT2D_CHGHI,0.14094126224517822,-0.12660813331604004
Group 78,9,BCUT2D_CHGLO,-9.918212890625e-05,-0.12660813331604004
Group 78,9,BCUT2D_LOGPHI,-0.2739323377609253,-0.12660813331604004
Group 78,9,BCUT2D_LOGPLOW,0.027115345001220703,-0.12660813331604004
Group 78,9,BCUT2D_MRHI,-0.0017924904823303223,-0.12660813331604004
Group 78,9,BCUT2D_MRLOW,0.00718235969543457,-0.12660813331604004
Group 78,9,AvgIpc,0.012677609920501709,-0.12660813331604004
Group 78,9,BalabanJ,0.024864554405212402,-0.12660813331604004
Group 78,9,BertzCT,-0.04690587520599365,-0.12660813331604004
Group 78,9,Chi0,-0.005810201168060303,-0.12660813331604004
Group 78,9,Chi0n,-0.0010218620300292969,-0.12660813331604004
Group 78,9,Chi0v,0.021474897861480713,-0.12660813331604004
Group 78,9,Chi1,0.01142740249633789,-0.12660813331604004
Group 78,9,Chi1n,0.006004244089126587,-0.12660813331604004
Group 78,9,Chi1v,0.0264967679977417,-0.12660813331604004
Group 78,9,Chi2n,0.0004686415195465088,-0.12660813331604004
Group 78,9,Chi2v,0.0010863244533538818,-0.12660813331604004
Group 78,9,Chi3n,0.0011024773120880127,-0.12660813331604004
Group 78,9,Chi3v,0.02143922448158264,-0.12660813331604004
Group 78,9,Chi4n,-0.0030593276023864746,-0.12660813331604004
Group 78,9,Chi4v,-0.053923189640045166,-0.12660813331604004
Group 78,9,HallKierAlpha,0.0031682997941970825,-0.12660813331604004
Group 78,9,Ipc,0.006767928600311279,-0.12660813331604004
Group 78,9,Kappa1,0.006311923265457153,-0.12660813331604004
Group 78,9,Kappa2,0.0014555156230926514,-0.12660813331604004
Group 78,9,Kappa3,-0.040154218673706055,-0.12660813331604004
Group 78,9,LabuteASA,0.013100028038024902,-0.12660813331604004
Group 78,9,PEOE_VSA1,0.0004165768623352051,-0.12660813331604004
Group 78,9,PEOE_VSA10,0.023121953010559082,-0.12660813331604004
Group 78,9,PEOE_VSA11,-0.014994651079177856,-0.12660813331604004
Group 78,9,PEOE_VSA12,-0.0004381537437438965,-0.12660813331604004
Group 78,9,PEOE_VSA13,0.003785938024520874,-0.12660813331604004
Group 78,9,PEOE_VSA14,-0.00110587477684021,-0.12660813331604004
Group 78,9,PEOE_VSA2,-0.016782641410827637,-0.12660813331604004
Group 78,9,PEOE_VSA3,-7.957220077514648e-05,-0.12660813331604004
Group 78,9,PEOE_VSA4,-0.003932833671569824,-0.12660813331604004
Group 78,9,PEOE_VSA5,-0.003920599818229675,-0.12660813331604004
Group 78,9,PEOE_VSA6,0.007775485515594482,-0.12660813331604004
Group 78,9,PEOE_VSA7,0.0013943612575531006,-0.12660813331604004
Group 78,9,PEOE_VSA8,0.000908195972442627,-0.12660813331604004
Group 78,9,PEOE_VSA9,-0.003184974193572998,-0.12660813331604004
Group 78,9,SMR_VSA1,0.02957800030708313,-0.12660813331604004
Group 78,9,SMR_VSA10,-0.004902452230453491,-0.12660813331604004
Group 78,9,SMR_VSA2,-0.0006781220436096191,-0.12660813331604004
Group 78,9,SMR_VSA3,0.0038787424564361572,-0.12660813331604004
Group 78,9,SMR_VSA4,-0.02177831530570984,-0.12660813331604004
Group 78,9,SMR_VSA5,0.00816965103149414,-0.12660813331604004
Group 78,9,SMR_VSA6,0.0003148019313812256,-0.12660813331604004
Group 78,9,SMR_VSA7,0.0011162757873535156,-0.12660813331604004
Group 78,9,SMR_VSA8,0.0,-0.12660813331604004
Group 78,9,SMR_VSA9,-0.0069113969802856445,-0.12660813331604004
Group 78,9,SlogP_VSA1,0.010909020900726318,-0.12660813331604004
Group 78,9,SlogP_VSA10,0.00123673677444458,-0.12660813331604004
Group 78,9,SlogP_VSA11,-0.005308300256729126,-0.12660813331604004
Group 78,9,SlogP_VSA12,0.0024035871028900146,-0.12660813331604004
Group 78,9,SlogP_VSA2,0.006357669830322266,-0.12660813331604004
Group 78,9,SlogP_VSA3,-0.0038321614265441895,-0.12660813331604004
Group 78,9,SlogP_VSA4,-0.008183926343917847,-0.12660813331604004
Group 78,9,SlogP_VSA5,-0.01221969723701477,-0.12660813331604004
Group 78,9,SlogP_VSA6,0.0052977800369262695,-0.12660813331604004
Group 78,9,SlogP_VSA7,0.0231972336769104,-0.12660813331604004
Group 78,9,SlogP_VSA8,-0.004145324230194092,-0.12660813331604004
Group 78,9,SlogP_VSA9,0.0,-0.12660813331604004
Group 78,9,TPSA,0.0030181705951690674,-0.12660813331604004
Group 78,9,EState_VSA1,0.01115339994430542,-0.12660813331604004
Group 78,9,EState_VSA10,0.004208207130432129,-0.12660813331604004
Group 78,9,EState_VSA11,0.031835347414016724,-0.12660813331604004
Group 78,9,EState_VSA2,-0.004420101642608643,-0.12660813331604004
Group 78,9,EState_VSA3,0.016001909971237183,-0.12660813331604004
Group 78,9,EState_VSA4,0.01281842589378357,-0.12660813331604004
Group 78,9,EState_VSA5,0.00782535970211029,-0.12660813331604004
Group 78,9,EState_VSA6,0.02644285559654236,-0.12660813331604004
Group 78,9,EState_VSA7,-0.0007785558700561523,-0.12660813331604004
Group 78,9,EState_VSA8,-0.0003111213445663452,-0.12660813331604004
Group 78,9,EState_VSA9,0.0011705756187438965,-0.12660813331604004
Group 78,9,VSA_EState1,0.007329314947128296,-0.12660813331604004
Group 78,9,VSA_EState10,0.005192101001739502,-0.12660813331604004
Group 78,9,VSA_EState2,-6.645917892456055e-06,-0.12660813331604004
Group 78,9,VSA_EState3,-0.0034028291702270508,-0.12660813331604004
Group 78,9,VSA_EState4,0.023115456104278564,-0.12660813331604004
Group 78,9,VSA_EState5,0.10761412978172302,-0.12660813331604004
Group 78,9,VSA_EState6,0.008725136518478394,-0.12660813331604004
Group 78,9,VSA_EState7,0.0006126165390014648,-0.12660813331604004
Group 78,9,VSA_EState8,0.00043076276779174805,-0.12660813331604004
Group 78,9,VSA_EState9,0.00022652745246887207,-0.12660813331604004
Group 78,9,FractionCSP3,0.009097963571548462,-0.12660813331604004
Group 78,9,HeavyAtomCount,0.014125317335128784,-0.12660813331604004
Group 78,9,NHOHCount,0.0021707117557525635,-0.12660813331604004
Group 78,9,NOCount,0.0003547966480255127,-0.12660813331604004
Group 78,9,NumAliphaticCarbocycles,0.0071298182010650635,-0.12660813331604004
Group 78,9,NumAliphaticHeterocycles,0.0007835328578948975,-0.12660813331604004
Group 78,9,NumAliphaticRings,-0.0024391114711761475,-0.12660813331604004
Group 78,9,NumAromaticCarbocycles,0.001087576150894165,-0.12660813331604004
Group 78,9,NumAromaticHeterocycles,-0.00017005205154418945,-0.12660813331604004
Group 78,9,NumAromaticRings,0.001780003309249878,-0.12660813331604004
Group 78,9,NumHAcceptors,-0.008507966995239258,-0.12660813331604004
Group 78,9,NumHDonors,-0.0004526376724243164,-0.12660813331604004
Group 78,9,NumHeteroatoms,0.0017001628875732422,-0.12660813331604004
Group 78,9,NumRotatableBonds,-0.0007444024085998535,-0.12660813331604004
Group 78,9,NumSaturatedCarbocycles,-0.007508695125579834,-0.12660813331604004
Group 78,9,NumSaturatedHeterocycles,0.0024968981742858887,-0.12660813331604004
Group 78,9,NumSaturatedRings,-0.005406171083450317,-0.12660813331604004
Group 78,9,RingCount,-0.000715404748916626,-0.12660813331604004
Group 78,9,MolLogP,-0.002634704113006592,-0.12660813331604004
Group 78,9,MolMR,0.001262858510017395,-0.12660813331604004
Group 78,9,fr_Al_COO,-0.0037565231323242188,-0.12660813331604004
Group 78,9,fr_Al_OH,0.0007971227169036865,-0.12660813331604004
Group 78,9,fr_Al_OH_noTert,0.0006860196590423584,-0.12660813331604004
Group 78,9,fr_ArN,-0.0022429227828979492,-0.12660813331604004
Group 78,9,fr_Ar_COO,0.019679903984069824,-0.12660813331604004
Group 78,9,fr_Ar_N,0.0025884807109832764,-0.12660813331604004
Group 78,9,fr_Ar_NH,-0.003220975399017334,-0.12660813331604004
Group 78,9,fr_Ar_OH,-0.000186920166015625,-0.12660813331604004
Group 78,9,fr_COO,-0.020118653774261475,-0.12660813331604004
Group 78,9,fr_COO2,0.009474962949752808,-0.12660813331604004
Group 78,9,fr_C_O,0.0044158101081848145,-0.12660813331604004
Group 78,9,fr_C_O_noCOO,-0.0019257068634033203,-0.12660813331604004
Group 78,9,fr_C_S,-0.05565914511680603,-0.12660813331604004
Group 78,9,fr_HOCCN,-0.04581928253173828,-0.12660813331604004
Group 78,9,fr_Imine,0.008562624454498291,-0.12660813331604004
Group 78,9,fr_NH0,0.0009607970714569092,-0.12660813331604004
Group 78,9,fr_NH1,5.91278076171875e-05,-0.12660813331604004
Group 78,9,fr_NH2,0.00798124074935913,-0.12660813331604004
Group 78,9,fr_N_O,0.00019147992134094238,-0.12660813331604004
Group 78,9,fr_Ndealkylation1,0.06675094366073608,-0.12660813331604004
Group 78,9,fr_Ndealkylation2,-0.010041877627372742,-0.12660813331604004
Group 78,9,fr_Nhpyrrole,0.00365641713142395,-0.12660813331604004
Group 78,9,fr_SH,0.021084189414978027,-0.12660813331604004
Group 78,9,fr_aldehyde,-0.02040150761604309,-0.12660813331604004
Group 78,9,fr_alkyl_carbamate,0.017616212368011475,-0.12660813331604004
Group 78,9,fr_alkyl_halide,0.020215094089508057,-0.12660813331604004
Group 78,9,fr_allylic_oxid,0.005651384592056274,-0.12660813331604004
Group 78,9,fr_amide,-0.007494747638702393,-0.12660813331604004
Group 78,9,fr_amidine,0.07184034585952759,-0.12660813331604004
Group 78,9,fr_aniline,5.4508447647094727e-05,-0.12660813331604004
Group 78,9,fr_aryl_methyl,0.0012088418006896973,-0.12660813331604004
Group 78,9,fr_azide,0.12222117185592651,-0.12660813331604004
Group 78,9,fr_azo,-0.010439515113830566,-0.12660813331604004
Group 78,9,fr_barbitur,0.0,-0.12660813331604004
Group 78,9,fr_benzene,0.006485342979431152,-0.12660813331604004
Group 78,9,fr_benzodiazepine,0.0,-0.12660813331604004
Group 78,9,fr_bicyclic,0.013105213642120361,-0.12660813331604004
Group 78,9,fr_diazo,0.0,-0.12660813331604004
Group 78,9,fr_dihydropyridine,0.035398930311203,-0.12660813331604004
Group 78,9,fr_epoxide,0.1798548400402069,-0.12660813331604004
Group 78,9,fr_ester,0.0008072257041931152,-0.12660813331604004
Group 78,9,fr_ether,0.007117271423339844,-0.12660813331604004
Group 78,9,fr_furan,-0.024885743856430054,-0.12660813331604004
Group 78,9,fr_guanido,-0.0013743340969085693,-0.12660813331604004
Group 78,9,fr_halogen,0.004684269428253174,-0.12660813331604004
Group 78,9,fr_hdrzine,0.05472564697265625,-0.12660813331604004
Group 78,9,fr_hdrzone,-0.01746419072151184,-0.12660813331604004
Group 78,9,fr_imidazole,0.007331967353820801,-0.12660813331604004
Group 78,9,fr_imide,0.06846749782562256,-0.12660813331604004
Group 78,9,fr_isocyan,0.0,-0.12660813331604004
Group 78,9,fr_isothiocyan,0.0,-0.12660813331604004
Group 78,9,fr_ketone,0.010726213455200195,-0.12660813331604004
Group 78,9,fr_ketone_Topliss,0.07525724172592163,-0.12660813331604004
Group 78,9,fr_lactam,0.0,-0.12660813331604004
Group 78,9,fr_lactone,0.0036615729331970215,-0.12660813331604004
Group 78,9,fr_methoxy,0.00757792592048645,-0.12660813331604004
Group 78,9,fr_morpholine,-0.026049703359603882,-0.12660813331604004
Group 78,9,fr_nitrile,0.035305678844451904,-0.12660813331604004
Group 78,9,fr_nitro,0.04015904664993286,-0.12660813331604004
Group 78,9,fr_nitro_arom,0.03687885403633118,-0.12660813331604004
Group 78,9,fr_nitro_arom_nonortho,0.1617724597454071,-0.12660813331604004
Group 78,9,fr_nitroso,0.0360511839389801,-0.12660813331604004
Group 78,9,fr_oxazole,0.0,-0.12660813331604004
Group 78,9,fr_oxime,0.04106181859970093,-0.12660813331604004
Group 78,9,fr_para_hydroxylation,-0.011141419410705566,-0.12660813331604004
Group 78,9,fr_phenol,0.0027499645948410034,-0.12660813331604004
Group 78,9,fr_phenol_noOrthoHbond,0.0010155737400054932,-0.12660813331604004
Group 78,9,fr_phos_acid,-0.017808616161346436,-0.12660813331604004
Group 78,9,fr_phos_ester,0.005464434623718262,-0.12660813331604004
Group 78,9,fr_piperdine,0.004045456647872925,-0.12660813331604004
Group 78,9,fr_piperzine,0.008207499980926514,-0.12660813331604004
Group 78,9,fr_priamide,-0.006464838981628418,-0.12660813331604004
Group 78,9,fr_prisulfonamd,0.0,-0.12660813331604004
Group 78,9,fr_pyridine,0.03382420539855957,-0.12660813331604004
Group 78,9,fr_quatN,-0.019866347312927246,-0.12660813331604004
Group 78,9,fr_sulfide,0.029489099979400635,-0.12660813331604004
Group 78,9,fr_sulfonamd,0.0001386404037475586,-0.12660813331604004
Group 78,9,fr_sulfone,-0.04405352473258972,-0.12660813331604004
Group 78,9,fr_term_acetylene,0.002584323287010193,-0.12660813331604004
Group 78,9,fr_tetrazole,0.15337473154067993,-0.12660813331604004
Group 78,9,fr_thiazole,0.1473287045955658,-0.12660813331604004
Group 78,9,fr_thiocyan,0.0,-0.12660813331604004
Group 78,9,fr_thiophene,0.042640745639801025,-0.12660813331604004
Group 78,9,fr_unbrch_alkane,0.003527402877807617,-0.12660813331604004
Group 78,9,fr_urea,0.02079939842224121,-0.12660813331604004
Group 15,9,Initial_Weight,-0.0025529637932777405,-0.12660813331604004
Group 15,9,BET,-0.36214855313301086,-0.12660813331604004
Group 15,9,Time,-0.005036413669586182,-0.12660813331604004
Group 15,9,RH,0.07266160845756531,-0.12660813331604004
Group 15,9,MACCS_0,0.0,-0.12660813331604004
Group 15,9,MACCS_1,0.0,-0.12660813331604004
Group 15,9,MACCS_2,0.0,-0.12660813331604004
Group 15,9,MACCS_3,-0.009121298789978027,-0.12660813331604004
Group 15,9,MACCS_4,0.0,-0.12660813331604004
Group 15,9,MACCS_5,0.0,-0.12660813331604004
Group 15,9,MACCS_6,0.0,-0.12660813331604004
Group 15,9,MACCS_7,0.0,-0.12660813331604004
Group 15,9,MACCS_8,0.020736321806907654,-0.12660813331604004
Group 15,9,MACCS_9,0.015461817383766174,-0.12660813331604004
Group 15,9,MACCS_10,0.01931189000606537,-0.12660813331604004
Group 15,9,MACCS_11,0.2412446141242981,-0.12660813331604004
Group 15,9,MACCS_12,0.004511937499046326,-0.12660813331604004
Group 15,9,MACCS_13,-0.013620838522911072,-0.12660813331604004
Group 15,9,MACCS_14,0.0,-0.12660813331604004
Group 15,9,MACCS_15,9.447336196899414e-06,-0.12660813331604004
Group 15,9,MACCS_16,0.02269204705953598,-0.12660813331604004
Group 15,9,MACCS_17,0.028115838766098022,-0.12660813331604004
Group 15,9,MACCS_18,0.022466197609901428,-0.12660813331604004
Group 15,9,MACCS_19,-0.011507533490657806,-0.12660813331604004
Group 15,9,MACCS_20,0.03670965135097504,-0.12660813331604004
Group 15,9,MACCS_21,-0.01788632571697235,-0.12660813331604004
Group 15,9,MACCS_22,-0.010815493762493134,-0.12660813331604004
Group 15,9,MACCS_23,0.027031898498535156,-0.12660813331604004
Group 15,9,MACCS_24,-0.04048842191696167,-0.12660813331604004
Group 15,9,MACCS_25,0.002468504011631012,-0.12660813331604004
Group 15,9,MACCS_26,-5.076080560684204e-05,-0.12660813331604004
Group 15,9,MACCS_27,0.04184907674789429,-0.12660813331604004
Group 15,9,MACCS_28,-0.03095582127571106,-0.12660813331604004
Group 15,9,MACCS_29,-0.0066404789686203,-0.12660813331604004
Group 15,9,MACCS_30,-0.028759434819221497,-0.12660813331604004
Group 15,9,MACCS_31,-0.08381284773349762,-0.12660813331604004
Group 15,9,MACCS_32,0.00324365496635437,-0.12660813331604004
Group 15,9,MACCS_33,0.0028100907802581787,-0.12660813331604004
Group 15,9,MACCS_34,-0.0072148144245147705,-0.12660813331604004
Group 15,9,MACCS_35,0.024881333112716675,-0.12660813331604004
Group 15,9,MACCS_36,-0.009880542755126953,-0.12660813331604004
Group 15,9,MACCS_37,-0.00389186292886734,-0.12660813331604004
Group 15,9,MACCS_38,-0.006546907126903534,-0.12660813331604004
Group 15,9,MACCS_39,-0.016661033034324646,-0.12660813331604004
Group 15,9,MACCS_40,0.03153795003890991,-0.12660813331604004
Group 15,9,MACCS_41,-0.0286981463432312,-0.12660813331604004
Group 15,9,MACCS_42,0.002929285168647766,-0.12660813331604004
Group 15,9,MACCS_43,-0.005306929349899292,-0.12660813331604004
Group 15,9,MACCS_44,-0.0028040707111358643,-0.12660813331604004
Group 15,9,MACCS_45,-0.005393818020820618,-0.12660813331604004
Group 15,9,MACCS_46,-0.027480512857437134,-0.12660813331604004
Group 15,9,MACCS_47,0.0479356050491333,-0.12660813331604004
Group 15,9,MACCS_48,0.0019127428531646729,-0.12660813331604004
Group 15,9,MACCS_49,0.0011851489543914795,-0.12660813331604004
Group 15,9,MACCS_50,-0.017092078924179077,-0.12660813331604004
Group 15,9,MACCS_51,0.0024293214082717896,-0.12660813331604004
Group 15,9,MACCS_52,0.0007793903350830078,-0.12660813331604004
Group 15,9,MACCS_53,0.012178778648376465,-0.12660813331604004
Group 15,9,MACCS_54,-0.003939896821975708,-0.12660813331604004
Group 15,9,MACCS_55,0.008075356483459473,-0.12660813331604004
Group 15,9,MACCS_56,0.004731200635433197,-0.12660813331604004
Group 15,9,MACCS_57,0.008635789155960083,-0.12660813331604004
Group 15,9,MACCS_58,-0.0030918121337890625,-0.12660813331604004
Group 15,9,MACCS_59,0.0008658766746520996,-0.12660813331604004
Group 15,9,MACCS_60,0.0034539997577667236,-0.12660813331604004
Group 15,9,MACCS_61,0.0002715587615966797,-0.12660813331604004
Group 15,9,MACCS_62,0.008533477783203125,-0.12660813331604004
Group 15,9,MACCS_63,-0.007576443254947662,-0.12660813331604004
Group 15,9,MACCS_64,0.007363855838775635,-0.12660813331604004
Group 15,9,MACCS_65,0.0017255395650863647,-0.12660813331604004
Group 15,9,MACCS_66,-0.01369013637304306,-0.12660813331604004
Group 15,9,MACCS_67,0.0005601793527603149,-0.12660813331604004
Group 15,9,MACCS_68,-0.02189016342163086,-0.12660813331604004
Group 15,9,MACCS_69,0.0031417906284332275,-0.12660813331604004
Group 15,9,MACCS_70,0.001277027651667595,-0.12660813331604004
Group 15,9,MACCS_71,-0.0056048110127449036,-0.12660813331604004
Group 15,9,MACCS_72,-0.012312844395637512,-0.12660813331604004
Group 15,9,MACCS_73,0.005703061819076538,-0.12660813331604004
Group 15,9,MACCS_74,0.004720479249954224,-0.12660813331604004
Group 15,9,MACCS_75,-0.013489633798599243,-0.12660813331604004
Group 15,9,MACCS_76,-0.00013618171215057373,-0.12660813331604004
Group 15,9,MACCS_77,-0.011830568313598633,-0.12660813331604004
Group 15,9,MACCS_78,-0.003113310784101486,-0.12660813331604004
Group 15,9,MACCS_79,0.0018001198768615723,-0.12660813331604004
Group 15,9,MACCS_80,0.007437363266944885,-0.12660813331604004
Group 15,9,MACCS_81,0.005435749888420105,-0.12660813331604004
Group 15,9,MACCS_82,0.0042317211627960205,-0.12660813331604004
Group 15,9,MACCS_83,-0.0015120655298233032,-0.12660813331604004
Group 15,9,MACCS_84,0.005640819668769836,-0.12660813331604004
Group 15,9,MACCS_85,0.0023010075092315674,-0.12660813331604004
Group 15,9,MACCS_86,0.05199933052062988,-0.12660813331604004
Group 15,9,MACCS_87,-0.0021141767501831055,-0.12660813331604004
Group 15,9,MACCS_88,0.004284165799617767,-0.12660813331604004
Group 15,9,MACCS_89,0.004554614424705505,-0.12660813331604004
Group 15,9,MACCS_90,0.0020366162061691284,-0.12660813331604004
Group 15,9,MACCS_91,0.00816604495048523,-0.12660813331604004
Group 15,9,MACCS_92,-0.006150379776954651,-0.12660813331604004
Group 15,9,MACCS_93,0.010191917419433594,-0.12660813331604004
Group 15,9,MACCS_94,-0.0025383830070495605,-0.12660813331604004
Group 15,9,MACCS_95,-0.0035718679428100586,-0.12660813331604004
Group 15,9,MACCS_96,0.00447353720664978,-0.12660813331604004
Group 15,9,MACCS_97,0.0022135674953460693,-0.12660813331604004
Group 15,9,MACCS_98,-0.0057156383991241455,-0.12660813331604004
Group 15,9,MACCS_99,0.002057015895843506,-0.12660813331604004
Group 15,9,MACCS_100,-0.005323871970176697,-0.12660813331604004
Group 15,9,MACCS_101,0.004297822713851929,-0.12660813331604004
Group 15,9,MACCS_102,0.0015143156051635742,-0.12660813331604004
Group 15,9,MACCS_103,-0.0034656822681427,-0.12660813331604004
Group 15,9,MACCS_104,0.002811342477798462,-0.12660813331604004
Group 15,9,MACCS_105,-0.0020450353622436523,-0.12660813331604004
Group 15,9,MACCS_106,-0.0029202699661254883,-0.12660813331604004
Group 15,9,MACCS_107,0.003836706280708313,-0.12660813331604004
Group 15,9,MACCS_108,-0.00043013691902160645,-0.12660813331604004
Group 15,9,MACCS_109,0.005661319941282272,-0.12660813331604004
Group 15,9,MACCS_110,-0.0009635239839553833,-0.12660813331604004
Group 15,9,MACCS_111,0.0021356791257858276,-0.12660813331604004
Group 15,9,MACCS_112,-0.006698504090309143,-0.12660813331604004
Group 15,9,MACCS_113,-0.0019324421882629395,-0.12660813331604004
Group 15,9,MACCS_114,-0.005716979503631592,-0.12660813331604004
Group 15,9,MACCS_115,0.009205177426338196,-0.12660813331604004
Group 15,9,MACCS_116,0.020543575286865234,-0.12660813331604004
Group 15,9,MACCS_117,-0.00015094876289367676,-0.12660813331604004
Group 15,9,MACCS_118,-0.0004447177052497864,-0.12660813331604004
Group 15,9,MACCS_119,0.0021065175533294678,-0.12660813331604004
Group 15,9,MACCS_120,-0.0034630298614501953,-0.12660813331604004
Group 15,9,MACCS_121,-0.0025568976998329163,-0.12660813331604004
Group 15,9,MACCS_122,0.0017628669738769531,-0.12660813331604004
Group 15,9,MACCS_123,0.00494307279586792,-0.12660813331604004
Group 15,9,MACCS_124,0.006017237901687622,-0.12660813331604004
Group 15,9,MACCS_125,0.001914888620376587,-0.12660813331604004
Group 15,9,MACCS_126,0.005046948790550232,-0.12660813331604004
Group 15,9,MACCS_127,-0.010537803173065186,-0.12660813331604004
Group 15,9,MACCS_128,-0.011905714869499207,-0.12660813331604004
Group 15,9,MACCS_129,-0.01656121015548706,-0.12660813331604004
Group 15,9,MACCS_130,-0.004880800843238831,-0.12660813331604004
Group 15,9,MACCS_131,0.0013697445392608643,-0.12660813331604004
Group 15,9,MACCS_132,0.01452203094959259,-0.12660813331604004
Group 15,9,MACCS_133,0.005654323846101761,-0.12660813331604004
Group 15,9,MACCS_134,0.0043024420738220215,-0.12660813331604004
Group 15,9,MACCS_135,0.005646869540214539,-0.12660813331604004
Group 15,9,MACCS_136,-0.004141449928283691,-0.12660813331604004
Group 15,9,MACCS_137,0.0026319772005081177,-0.12660813331604004
Group 15,9,MACCS_138,0.03298492729663849,-0.12660813331604004
Group 15,9,MACCS_139,-0.008389919996261597,-0.12660813331604004
Group 15,9,MACCS_140,0.028078824281692505,-0.12660813331604004
Group 15,9,MACCS_141,-0.023848772048950195,-0.12660813331604004
Group 15,9,MACCS_142,-0.0018893778324127197,-0.12660813331604004
Group 15,9,MACCS_143,-0.01100209355354309,-0.12660813331604004
Group 15,9,MACCS_144,-0.010564714670181274,-0.12660813331604004
Group 15,9,MACCS_145,0.0007030963897705078,-0.12660813331604004
Group 15,9,MACCS_146,-0.03450073301792145,-0.12660813331604004
Group 15,9,MACCS_147,0.033676326274871826,-0.12660813331604004
Group 15,9,MACCS_148,0.007053881883621216,-0.12660813331604004
Group 15,9,MACCS_149,-0.000898212194442749,-0.12660813331604004
Group 15,9,MACCS_150,-0.005002379417419434,-0.12660813331604004
Group 15,9,MACCS_151,0.0032103806734085083,-0.12660813331604004
Group 15,9,MACCS_152,0.016561120748519897,-0.12660813331604004
Group 15,9,MACCS_153,0.002688288688659668,-0.12660813331604004
Group 15,9,MACCS_154,-0.012218832969665527,-0.12660813331604004
Group 15,9,MACCS_155,0.0004111826419830322,-0.12660813331604004
Group 15,9,MACCS_156,0.004816114902496338,-0.12660813331604004
Group 15,9,MACCS_157,0.006018228828907013,-0.12660813331604004
Group 15,9,MACCS_158,-0.03368598222732544,-0.12660813331604004
Group 15,9,MACCS_159,-0.04420953243970871,-0.12660813331604004
Group 15,9,MACCS_160,-0.001062631607055664,-0.12660813331604004
Group 15,9,MACCS_161,0.006006807088851929,-0.12660813331604004
Group 15,9,MACCS_162,-0.0022525936365127563,-0.12660813331604004
Group 15,9,MACCS_163,0.019845440983772278,-0.12660813331604004
Group 15,9,MACCS_164,0.004415646195411682,-0.12660813331604004
Group 15,9,MACCS_165,0.02473357319831848,-0.12660813331604004
Group 15,9,MACCS_166,0.0016169697046279907,-0.12660813331604004
Group 15,9,MaxAbsEStateIndex,-0.004456967115402222,-0.12660813331604004
Group 15,9,MaxEStateIndex,0.004234150052070618,-0.12660813331604004
Group 15,9,MinAbsEStateIndex,0.012679412961006165,-0.12660813331604004
Group 15,9,MinEStateIndex,0.02194845676422119,-0.12660813331604004
Group 15,9,qed,-0.0005596578121185303,-0.12660813331604004
Group 15,9,SPS,-0.021490268409252167,-0.12660813331604004
Group 15,9,MolWt,-0.006881125271320343,-0.12660813331604004
Group 15,9,HeavyAtomMolWt,-0.004349961876869202,-0.12660813331604004
Group 15,9,ExactMolWt,-0.006073325872421265,-0.12660813331604004
Group 15,9,NumValenceElectrons,9.31471586227417e-05,-0.12660813331604004
Group 15,9,NumRadicalElectrons,0.017474893480539322,-0.12660813331604004
Group 15,9,MaxPartialCharge,0.014203399419784546,-0.12660813331604004
Group 15,9,MinPartialCharge,0.0009848028421401978,-0.12660813331604004
Group 15,9,MaxAbsPartialCharge,-0.007120564579963684,-0.12660813331604004
Group 15,9,MinAbsPartialCharge,0.0897534191608429,-0.12660813331604004
Group 15,9,FpDensityMorgan1,-0.00602426752448082,-0.12660813331604004
Group 15,9,FpDensityMorgan2,0.005469396710395813,-0.12660813331604004
Group 15,9,FpDensityMorgan3,-0.002457529306411743,-0.12660813331604004
Group 15,9,BCUT2D_MWHI,-0.0015880763530731201,-0.12660813331604004
Group 15,9,BCUT2D_MWLOW,-0.002096697688102722,-0.12660813331604004
Group 15,9,BCUT2D_CHGHI,-0.016155079007148743,-0.12660813331604004
Group 15,9,BCUT2D_CHGLO,-0.012874782085418701,-0.12660813331604004
Group 15,9,BCUT2D_LOGPHI,-0.0005151182413101196,-0.12660813331604004
Group 15,9,BCUT2D_LOGPLOW,-0.008138582110404968,-0.12660813331604004
Group 15,9,BCUT2D_MRHI,0.018439143896102905,-0.12660813331604004
Group 15,9,BCUT2D_MRLOW,0.0055468082427978516,-0.12660813331604004
Group 15,9,AvgIpc,0.0014653801918029785,-0.12660813331604004
Group 15,9,BalabanJ,-0.01029590517282486,-0.12660813331604004
Group 15,9,BertzCT,-0.01320900022983551,-0.12660813331604004
Group 15,9,Chi0,-0.004475824534893036,-0.12660813331604004
Group 15,9,Chi0n,0.0023674070835113525,-0.12660813331604004
Group 15,9,Chi0v,0.0007127523422241211,-0.12660813331604004
Group 15,9,Chi1,0.00578683614730835,-0.12660813331604004
Group 15,9,Chi1n,-0.004322618246078491,-0.12660813331604004
Group 15,9,Chi1v,-0.00889742374420166,-0.12660813331604004
Group 15,9,Chi2n,0.003952503204345703,-0.12660813331604004
Group 15,9,Chi2v,-0.005741775035858154,-0.12660813331604004
Group 15,9,Chi3n,-0.004688471555709839,-0.12660813331604004
Group 15,9,Chi3v,-0.026759803295135498,-0.12660813331604004
Group 15,9,Chi4n,-0.0097886323928833,-0.12660813331604004
Group 15,9,Chi4v,-0.007324613630771637,-0.12660813331604004
Group 15,9,HallKierAlpha,-0.000960029661655426,-0.12660813331604004
Group 15,9,Ipc,0.0021270066499710083,-0.12660813331604004
Group 15,9,Kappa1,0.008597105741500854,-0.12660813331604004
Group 15,9,Kappa2,0.0023246407508850098,-0.12660813331604004
Group 15,9,Kappa3,-0.07819889485836029,-0.12660813331604004
Group 15,9,LabuteASA,0.0048194825649261475,-0.12660813331604004
Group 15,9,PEOE_VSA1,0.0053992122411727905,-0.12660813331604004
Group 15,9,PEOE_VSA10,0.00184592604637146,-0.12660813331604004
Group 15,9,PEOE_VSA11,0.0032497793436050415,-0.12660813331604004
Group 15,9,PEOE_VSA12,0.00698263943195343,-0.12660813331604004
Group 15,9,PEOE_VSA13,0.00046740472316741943,-0.12660813331604004
Group 15,9,PEOE_VSA14,-0.02106425166130066,-0.12660813331604004
Group 15,9,PEOE_VSA2,0.0028813406825065613,-0.12660813331604004
Group 15,9,PEOE_VSA3,-0.0016455650329589844,-0.12660813331604004
Group 15,9,PEOE_VSA4,-0.0010577291250228882,-0.12660813331604004
Group 15,9,PEOE_VSA5,-0.010456293821334839,-0.12660813331604004
Group 15,9,PEOE_VSA6,0.019910335540771484,-0.12660813331604004
Group 15,9,PEOE_VSA7,0.0010791271924972534,-0.12660813331604004
Group 15,9,PEOE_VSA8,-0.010173872113227844,-0.12660813331604004
Group 15,9,PEOE_VSA9,0.0017199069261550903,-0.12660813331604004
Group 15,9,SMR_VSA1,-0.006686747074127197,-0.12660813331604004
Group 15,9,SMR_VSA10,-0.013456523418426514,-0.12660813331604004
Group 15,9,SMR_VSA2,-0.006329476833343506,-0.12660813331604004
Group 15,9,SMR_VSA3,-0.003211256116628647,-0.12660813331604004
Group 15,9,SMR_VSA4,0.03812050819396973,-0.12660813331604004
Group 15,9,SMR_VSA5,-0.001886218786239624,-0.12660813331604004
Group 15,9,SMR_VSA6,-0.004095256328582764,-0.12660813331604004
Group 15,9,SMR_VSA7,0.002594590187072754,-0.12660813331604004
Group 15,9,SMR_VSA8,0.0,-0.12660813331604004
Group 15,9,SMR_VSA9,-0.005074538290500641,-0.12660813331604004
Group 15,9,SlogP_VSA1,0.007841430604457855,-0.12660813331604004
Group 15,9,SlogP_VSA10,0.004437685012817383,-0.12660813331604004
Group 15,9,SlogP_VSA11,-0.005715996026992798,-0.12660813331604004
Group 15,9,SlogP_VSA12,0.0005186498165130615,-0.12660813331604004
Group 15,9,SlogP_VSA2,-0.0011503994464874268,-0.12660813331604004
Group 15,9,SlogP_VSA3,0.007612749934196472,-0.12660813331604004
Group 15,9,SlogP_VSA4,0.00319787859916687,-0.12660813331604004
Group 15,9,SlogP_VSA5,-0.000859677791595459,-0.12660813331604004
Group 15,9,SlogP_VSA6,-0.00015763938426971436,-0.12660813331604004
Group 15,9,SlogP_VSA7,-0.0035530030727386475,-0.12660813331604004
Group 15,9,SlogP_VSA8,-0.0010276734828948975,-0.12660813331604004
Group 15,9,SlogP_VSA9,0.0,-0.12660813331604004
Group 15,9,TPSA,-0.003363490104675293,-0.12660813331604004
Group 15,9,EState_VSA1,-0.0008176937699317932,-0.12660813331604004
Group 15,9,EState_VSA10,0.009867250919342041,-0.12660813331604004
Group 15,9,EState_VSA11,0.022693142294883728,-0.12660813331604004
Group 15,9,EState_VSA2,-0.006938517093658447,-0.12660813331604004
Group 15,9,EState_VSA3,-0.00464223325252533,-0.12660813331604004
Group 15,9,EState_VSA4,-0.0023691505193710327,-0.12660813331604004
Group 15,9,EState_VSA5,-0.004911601543426514,-0.12660813331604004
Group 15,9,EState_VSA6,0.001555049791932106,-0.12660813331604004
Group 15,9,EState_VSA7,-0.0007387101650238037,-0.12660813331604004
Group 15,9,EState_VSA8,0.0002263188362121582,-0.12660813331604004
Group 15,9,EState_VSA9,-0.002400815486907959,-0.12660813331604004
Group 15,9,VSA_EState1,-0.0011800527572631836,-0.12660813331604004
Group 15,9,VSA_EState10,0.0006687045097351074,-0.12660813331604004
Group 15,9,VSA_EState2,0.0031006336212158203,-0.12660813331604004
Group 15,9,VSA_EState3,3.7163496017456055e-05,-0.12660813331604004
Group 15,9,VSA_EState4,0.007547810673713684,-0.12660813331604004
Group 15,9,VSA_EState5,0.0028429850935935974,-0.12660813331604004
Group 15,9,VSA_EState6,0.003992065787315369,-0.12660813331604004
Group 15,9,VSA_EState7,-0.0002747178077697754,-0.12660813331604004
Group 15,9,VSA_EState8,0.004172876477241516,-0.12660813331604004
Group 15,9,VSA_EState9,0.0052824318408966064,-0.12660813331604004
Group 15,9,FractionCSP3,-0.005065545439720154,-0.12660813331604004
Group 15,9,HeavyAtomCount,-5.533546209335327e-05,-0.12660813331604004
Group 15,9,NHOHCount,-0.00832831859588623,-0.12660813331604004
Group 15,9,NOCount,0.0029657259583473206,-0.12660813331604004
Group 15,9,NumAliphaticCarbocycles,-0.004530567675828934,-0.12660813331604004
Group 15,9,NumAliphaticHeterocycles,0.0005717575550079346,-0.12660813331604004
Group 15,9,NumAliphaticRings,-0.002412930130958557,-0.12660813331604004
Group 15,9,NumAromaticCarbocycles,-0.008174270391464233,-0.12660813331604004
Group 15,9,NumAromaticHeterocycles,-0.001391083002090454,-0.12660813331604004
Group 15,9,NumAromaticRings,0.0032837986946105957,-0.12660813331604004
Group 15,9,NumHAcceptors,0.0007590502500534058,-0.12660813331604004
Group 15,9,NumHDonors,0.0008822232484817505,-0.12660813331604004
Group 15,9,NumHeteroatoms,-0.00028634071350097656,-0.12660813331604004
Group 15,9,NumRotatableBonds,-0.002817392349243164,-0.12660813331604004
Group 15,9,NumSaturatedCarbocycles,0.005488395690917969,-0.12660813331604004
Group 15,9,NumSaturatedHeterocycles,-0.0016366392374038696,-0.12660813331604004
Group 15,9,NumSaturatedRings,-0.0011745244264602661,-0.12660813331604004
Group 15,9,RingCount,0.00308343768119812,-0.12660813331604004
Group 15,9,MolLogP,0.003985375165939331,-0.12660813331604004
Group 15,9,MolMR,-0.0031543076038360596,-0.12660813331604004
Group 15,9,fr_Al_COO,-0.0007033795118331909,-0.12660813331604004
Group 15,9,fr_Al_OH,0.006058499217033386,-0.12660813331604004
Group 15,9,fr_Al_OH_noTert,-0.004878491163253784,-0.12660813331604004
Group 15,9,fr_ArN,-0.02539132535457611,-0.12660813331604004
Group 15,9,fr_Ar_COO,0.011442065238952637,-0.12660813331604004
Group 15,9,fr_Ar_N,-0.001255333423614502,-0.12660813331604004
Group 15,9,fr_Ar_NH,0.0020342767238616943,-0.12660813331604004
Group 15,9,fr_Ar_OH,0.0004528239369392395,-0.12660813331604004
Group 15,9,fr_COO,0.007238924503326416,-0.12660813331604004
Group 15,9,fr_COO2,0.0022703856229782104,-0.12660813331604004
Group 15,9,fr_C_O,0.0033873915672302246,-0.12660813331604004
Group 15,9,fr_C_O_noCOO,-0.00066414475440979,-0.12660813331604004
Group 15,9,fr_C_S,0.016313612461090088,-0.12660813331604004
Group 15,9,fr_HOCCN,0.01662355661392212,-0.12660813331604004
Group 15,9,fr_Imine,0.0007140189409255981,-0.12660813331604004
Group 15,9,fr_NH0,-0.004209667444229126,-0.12660813331604004
Group 15,9,fr_NH1,0.005212277173995972,-0.12660813331604004
Group 15,9,fr_NH2,0.004613116383552551,-0.12660813331604004
Group 15,9,fr_N_O,-0.03682952746748924,-0.12660813331604004
Group 15,9,fr_Ndealkylation1,0.027213826775550842,-0.12660813331604004
Group 15,9,fr_Ndealkylation2,-0.0189705491065979,-0.12660813331604004
Group 15,9,fr_Nhpyrrole,-0.002855077385902405,-0.12660813331604004
Group 15,9,fr_SH,0.028308287262916565,-0.12660813331604004
Group 15,9,fr_aldehyde,-0.026813607662916183,-0.12660813331604004
Group 15,9,fr_alkyl_carbamate,0.04535198211669922,-0.12660813331604004
Group 15,9,fr_alkyl_halide,0.00033380091190338135,-0.12660813331604004
Group 15,9,fr_allylic_oxid,-0.004381656646728516,-0.12660813331604004
Group 15,9,fr_amide,0.0030534565448760986,-0.12660813331604004
Group 15,9,fr_amidine,-8.279085159301758e-05,-0.12660813331604004
Group 15,9,fr_aniline,-0.0036630630493164062,-0.12660813331604004
Group 15,9,fr_aryl_methyl,0.003189951181411743,-0.12660813331604004
Group 15,9,fr_azide,0.03858262300491333,-0.12660813331604004
Group 15,9,fr_azo,-0.05401451885700226,-0.12660813331604004
Group 15,9,fr_barbitur,0.0,-0.12660813331604004
Group 15,9,fr_benzene,0.005501508712768555,-0.12660813331604004
Group 15,9,fr_benzodiazepine,0.0,-0.12660813331604004
Group 15,9,fr_bicyclic,-0.0023244917392730713,-0.12660813331604004
Group 15,9,fr_diazo,0.0,-0.12660813331604004
Group 15,9,fr_dihydropyridine,0.05050045996904373,-0.12660813331604004
Group 15,9,fr_epoxide,0.01462411880493164,-0.12660813331604004
Group 15,9,fr_ester,0.0034651607275009155,-0.12660813331604004
Group 15,9,fr_ether,0.0003155171871185303,-0.12660813331604004
Group 15,9,fr_furan,0.017248094081878662,-0.12660813331604004
Group 15,9,fr_guanido,-0.0011066645383834839,-0.12660813331604004
Group 15,9,fr_halogen,-0.013675034046173096,-0.12660813331604004
Group 15,9,fr_hdrzine,0.01667386293411255,-0.12660813331604004
Group 15,9,fr_hdrzone,-0.0009848475456237793,-0.12660813331604004
Group 15,9,fr_imidazole,0.010636642575263977,-0.12660813331604004
Group 15,9,fr_imide,0.02016308903694153,-0.12660813331604004
Group 15,9,fr_isocyan,0.0,-0.12660813331604004
Group 15,9,fr_isothiocyan,0.0,-0.12660813331604004
Group 15,9,fr_ketone,0.0026915371417999268,-0.12660813331604004
Group 15,9,fr_ketone_Topliss,-0.004567146301269531,-0.12660813331604004
Group 15,9,fr_lactam,0.0,-0.12660813331604004
Group 15,9,fr_lactone,-0.015516072511672974,-0.12660813331604004
Group 15,9,fr_methoxy,-0.001184701919555664,-0.12660813331604004
Group 15,9,fr_morpholine,-0.11117713153362274,-0.12660813331604004
Group 15,9,fr_nitrile,-0.01391148567199707,-0.12660813331604004
Group 15,9,fr_nitro,0.003745168447494507,-0.12660813331604004
Group 15,9,fr_nitro_arom,0.010542184114456177,-0.12660813331604004
Group 15,9,fr_nitro_arom_nonortho,0.021880213171243668,-0.12660813331604004
Group 15,9,fr_nitroso,0.015684902667999268,-0.12660813331604004
Group 15,9,fr_oxazole,0.0,-0.12660813331604004
Group 15,9,fr_oxime,0.006591379642486572,-0.12660813331604004
Group 15,9,fr_para_hydroxylation,-0.008108377456665039,-0.12660813331604004
Group 15,9,fr_phenol,0.0018613636493682861,-0.12660813331604004
Group 15,9,fr_phenol_noOrthoHbond,-0.0008919611573219299,-0.12660813331604004
Group 15,9,fr_phos_acid,-0.00397535040974617,-0.12660813331604004
Group 15,9,fr_phos_ester,-0.0059032142162323,-0.12660813331604004
Group 15,9,fr_piperdine,0.005280777812004089,-0.12660813331604004
Group 15,9,fr_piperzine,0.001013152301311493,-0.12660813331604004
Group 15,9,fr_priamide,0.03409373760223389,-0.12660813331604004
Group 15,9,fr_prisulfonamd,0.0,-0.12660813331604004
Group 15,9,fr_pyridine,0.007599949836730957,-0.12660813331604004
Group 15,9,fr_quatN,-0.027321279048919678,-0.12660813331604004
Group 15,9,fr_sulfide,0.0006909966468811035,-0.12660813331604004
Group 15,9,fr_sulfonamd,0.002944663166999817,-0.12660813331604004
Group 15,9,fr_sulfone,-0.015931040048599243,-0.12660813331604004
Group 15,9,fr_term_acetylene,-0.006288021802902222,-0.12660813331604004
Group 15,9,fr_tetrazole,0.01666921377182007,-0.12660813331604004
Group 15,9,fr_thiazole,0.10032901167869568,-0.12660813331604004
Group 15,9,fr_thiocyan,0.0,-0.12660813331604004
Group 15,9,fr_thiophene,-0.0053321123123168945,-0.12660813331604004
Group 15,9,fr_unbrch_alkane,0.004364192485809326,-0.12660813331604004
Group 15,9,fr_urea,0.012335985898971558,-0.12660813331604004
